image,severity,risk_target,risk_head_score,expected_gap,student_teacher_kl,missing_attention
1_200_2021-05-13_4_R.png,0,0,0.08707346956805886,0.07915349816903472,0.07196338474750519,0.4706117510795593
1_200_2021-05-13_3_R.png,0,0,0.11339341644201947,0.05182882025837898,0.017347034066915512,0.3130425810813904
1_200_2021-05-13_2_L.png,0,0,0.11905918736989693,0.03931732987985015,0.01163734495639801,0.22924011945724487
1_200_2021-05-13_1_R.png,0,0,0.10244139412127852,0.052798680029809475,0.029692359268665314,0.43155431747436523
1_26_2020-11-20_3_R.png,0,0,0.10973631606875779,0.049203430069610476,0.019825156778097153,0.19859272241592407
1_26_2020-11-20_2_R.png,0,0,0.14375564862748896,0.09958063811063766,0.030018210411071777,0.24395543336868286
1_26_2020-11-20_4_L.png,0,0,0.07729968462431316,0.005538594210520387,0.0006351873744279146,0.10242605209350586
1_26_2020-11-20_1_R.png,0,0,0.08944164650501518,0.003018961288034916,0.00011016968346666545,0.07128030061721802
3_27_2019-04-25_1_L.png,1,0,0.2808928768182239,-0.04260745272040367,0.0009678536443971097,0.024406492710113525
3_27_2019-03-06_1_R.png,1,0,0.6701862031212248,-0.007022170349955559,0.007727437652647495,0.12405610084533691
3_27_2019-04-25_2_R.png,1,0,0.2623807519151471,-0.033198803663253784,0.0008989453781396151,0.02251303195953369
3_27_2019-03-06_2_L.png,1,0,0.7599992614393326,-0.004650235176086426,6.064836634323001e-05,0.01824188232421875
5_238_2021-03-09_2_L.png,1,0,0.5461866351241892,-0.006472413893789053,0.0053143310360610485,0.20293092727661133
5_238_2021-03-16_1_L.png,1,0,0.54084350342168,-0.0016986583359539509,0.0004765125922858715,0.049430787563323975
5_238_2021-03-16_3_R.png,2,0,0.058652612485272516,-0.01043681800365448,0.0007288085180334747,0.05577176809310913
5_238_2021-03-09_1_R.png,2,1,0.7774019499074132,-0.18968674540519714,0.08860429376363754,0.33320045471191406
5_192_2021-06-04_1_L.png,2,0,0.04890156518238048,-0.007295642048120499,0.0005448787705972791,0.08489227294921875
5_192_2022-03-08_2_L.png,2,0,0.03416418898454157,0.010038301581516862,0.001193131087347865,0.2829734683036804
5_192_2022-03-08_1_L.png,2,0,0.029440808997340032,-0.0007116412743926048,0.00011754976003430784,0.22363156080245972
5_192_2021-06-04_2_L.png,2,0,0.11859274303762454,0.007760480046272278,0.0003323455457575619,0.07505840063095093
5_567_2019-05-17_1_R.png,2,0,0.036063114950141036,-0.03502751933410764,0.019917244091629982,0.1605234146118164
5_567_2019-05-24_1_R.png,2,0,0.029499616050277573,-0.006685945671051741,0.0013416657457128167,0.07218813896179199
5_567_2019-06-14_2_R.png,2,0,0.02563712521236544,-0.002347477013245225,0.0002307151153218001,0.06274431943893433
5_567_2019-05-17_2_L.png,2,0,0.38317093289736387,-0.42408113554120064,0.1448388546705246,0.16219496726989746
3_14_2021-01-27_3_R.png,1,0,0.5838066508256372,0.002993963658809662,0.0022972864098846912,0.11940592527389526
3_14_2021-01-27_1_L.png,1,0,0.6304632641887881,0.01748719997704029,0.011068640276789665,0.41949278116226196
3_14_2021-01-27_2_L.png,1,0,0.702837017987243,-0.018945395946502686,0.0025250143371522427,0.17928433418273926
3_14_2021-01-27_4_R.png,1,0,0.7794767914883067,-0.15823782980442047,0.09493602067232132,0.4021625518798828
5_39_2021-11-14_2_L.png,2,1,0.6874093009492441,0.02356061339378357,0.0019791522063314915,0.0894237756729126
5_39_2021-11-14_5_L.png,2,1,0.7360729700145001,-0.04923461377620697,0.011905757710337639,0.36270755529403687
5_39_2021-11-14_3_L.png,2,0,0.32848468541133513,0.022998183965682983,0.0045097144320607185,0.11044001579284668
5_39_2021-11-14_4_L.png,2,0,0.4089795414883441,-0.05257728695869446,0.009769042022526264,0.1675412654876709
5_35_2021-07-27_1_R.png,1,0,0.6365822552659661,-0.00011795014142990112,2.2569176508113742e-05,0.01315087080001831
5_35_2021-07-27_2_R.png,1,0,0.6878670520816064,-0.0031449496746063232,4.164365236647427e-05,0.01189887523651123
5_35_2021-07-27_4_R.png,2,1,0.7072124022660992,-0.0032719075679779053,0.00017361293430440128,0.020428359508514404
5_35_2021-08-23_1_R.png,2,1,0.582179966144322,0.01235809177160263,0.0037864367477595806,0.09233862161636353
1_181_2019-03-01_2_R.png,0,0,0.11575664210845941,0.011206749361008406,0.0009995014406740665,0.07694339752197266
1_181_2022-07-08_1_R.png,0,0,0.18017038089794077,-0.00019590463489294052,1.3186974683776498e-05,0.03212231397628784
1_181_2019-03-01_1_L.png,0,0,0.09502225503284659,0.003987469943240285,0.00021221974748186767,0.15651512145996094
1_181_2022-07-08_2_L.png,0,0,0.2513905088500215,0.15722517389804125,0.07176977396011353,0.3208093047142029
5_118_2022-04-21_2_L.png,2,0,0.031048937891506076,-0.0026156362146139145,0.00025019660824909806,0.1317165493965149
5_118_2022-04-21_3_R.png,2,0,0.027269234414425532,-0.002384872641414404,0.00012170632544439286,0.09470123052597046
5_118_2022-04-21_1_L.png,2,0,0.028091360280721036,-0.0008141840808093548,2.8735972591675818e-05,0.11985808610916138
5_118_2022-04-21_4_R.png,2,0,0.0273312452651695,-0.0017977065872401,8.888840966392308e-05,0.13963711261749268
1_143_2019-09-11_1_L.png,0,0,0.09731211673729517,0.047080481890589,0.02503109537065029,0.22330015897750854
1_143_2019-09-11_2_R.png,0,0,0.15823068685423483,0.0419511329382658,0.00824783556163311,0.15203171968460083
1_143_2019-03-04_2_R.png,0,0,0.06918600913027696,0.002164653968065977,0.00012676004553213716,0.04652374982833862
1_143_2019-03-04_1_L.png,0,0,0.36875229715840063,-0.02307799644768238,0.0014514900976791978,0.03104335069656372
2_100_2022-05-31_9_L.png,1,0,0.7435947621638067,0.060851842164993286,0.02803189866244793,0.0977940559387207
2_100_2022-05-31_2_L.png,1,1,0.4255521844340403,0.13309402018785477,0.030308732762932777,0.30005770921707153
2_100_2022-05-31_13_R.png,1,1,0.28557216933191265,0.4371314253658056,0.22362926602363586,0.3232220411300659
2_100_2022-05-31_1_R.png,1,1,0.1443473868769757,0.00797361135482788,0.00024128390941768885,0.05621558427810669
2_4_2021-10-21_3_L.png,1,0,0.7222506801594902,-0.000966489315032959,8.886447176337242e-06,0.012455344200134277
2_4_2021-10-21_2_R.png,1,0,0.7402604011649548,-0.011743918061256409,0.0004693741211667657,0.04221141338348389
2_4_2021-10-21_1_R.png,1,0,0.7125270273500511,0.12521724123507738,0.03199097141623497,0.3973354697227478
2_4_2021-10-21_4_R.png,1,0,0.19183518240128972,-0.4122518301010132,0.572880208492279,0.37500131130218506
5_179_2020-09-27_1_R.png,2,1,0.6417251725392331,0.11785304546356201,0.02986106276512146,0.2206922173500061
5_179_2020-09-27_2_R.png,2,1,0.5550911481722199,0.11504039168357849,0.027172699570655823,0.15150976181030273
5_179_2020-09-27_4_L.png,1,0,0.583491610327753,0.011239724233746529,0.004413212183862925,0.09133279323577881
5_179_2020-09-27_3_L.png,1,0,0.6566634474792422,0.010398246347904205,0.002547213342040777,0.12322121858596802
1_19_2021-10-10_2_L.png,0,0,0.2965907686792947,-0.048846349120140076,0.005474593490362167,0.20704889297485352
1_19_2020-10-25_1_L.png,0,0,0.08121553025545385,0.0022117954213172197,0.0003062393516302109,0.40613454580307007
1_19_2021-10-10_1_R.png,0,0,0.17626228905797867,0.03382025612518191,0.005592807196080685,0.17298990488052368
1_19_2020-10-25_2_R.png,0,0,0.10387591413485475,0.00762748159468174,0.000631788105238229,0.12111234664916992
1_46_2021-07-29_1_R.png,0,0,0.10312456069883355,0.0006568441167473793,5.377205525292084e-06,0.3376752734184265
1_46_2021-02-28_1_R.png,0,0,0.016154822094049576,0.36521107656881213,0.5938448905944824,0.8117498755455017
1_46_2021-07-18_1_R.png,0,0,0.10087220860423345,-0.005742850713431835,0.00037985594826750457,0.1297222375869751
1_46_2021-02-28_2_R.png,0,0,0.6457073838254301,-0.04749875329434872,0.012535220012068748,0.10445159673690796
1_87_2021-05-05_4_L.png,0,0,0.22793794088475958,-0.019035584293305874,0.002134893322363496,0.11574959754943848
1_87_2021-05-05_3_L.png,0,0,0.1929537209338184,0.0030554947443306446,0.0003694819752126932,0.09256613254547119
1_87_2021-05-05_1_R.png,0,0,0.6280701920558551,-0.014524745754897594,0.00044295101542957127,0.02640247344970703
1_87_2021-05-05_2_L.png,0,0,0.3516035896566228,-0.055692484602332115,0.010958061553537846,0.18186306953430176
1_40_2019-03-21_1_R.png,0,0,0.0807433773163362,0.008688105968758464,0.001441585598513484,0.08845239877700806
1_40_2020-12-11_1_R.png,0,0,0.10395877823695061,0.02854129741899669,0.00914118904620409,0.2744442820549011
1_40_2019-03-21_2_L.png,0,0,0.20982929776629206,0.07168418169021606,0.01479586586356163,0.4015004634857178
1_40_2020-12-11_2_L.png,0,0,0.11733580846907601,0.00873316777870059,0.0006891865050420165,0.13612288236618042
5_588_2019-04-30_1_L.png,2,0,0.28611442168461326,-0.1339516043663025,0.04529246315360069,0.14524990320205688
5_588_2019-04-30_3_L.png,2,0,0.28611442168461326,-0.1339516043663025,0.04529246315360069,0.14524990320205688
5_588_2019-04-30_4_L.png,2,0,0.04110635382201971,-0.040920650120824575,0.008556670509278774,0.15885645151138306
5_588_2019-04-30_2_L.png,2,0,0.04110635382201971,-0.040920650120824575,0.008556670509278774,0.15885645151138306
1_195_2021-07-22_1_R.png,0,0,0.15148339220872564,0.00332237733528018,7.274679956026375e-05,0.135312020778656
1_195_2021-07-22_2_L.png,0,0,0.21018197747861683,0.013527261093258858,0.0031436975114047527,0.4277360439300537
1_195_2020-07-31_1_R.png,0,0,0.3469825298742504,0.04589831829071045,0.005562241654843092,0.19521331787109375
1_195_2020-07-31_2_L.png,0,0,0.5645750686269063,-0.5718486234545708,0.18878227472305298,0.2920874357223511
5_84_2021-07-06_3_R.png,2,0,0.03506304980071536,-0.02318953536450863,0.009263433516025543,0.23243075609207153
5_84_2021-09-19_1_L.png,2,1,0.5687732234093038,0.0025667808949947357,0.00017875604680739343,0.02032691240310669
5_84_2021-07-06_1_L.png,2,1,0.6631287664001814,0.0014082789421081543,1.922911178553477e-05,0.01682513952255249
5_84_2021-09-19_2_L.png,2,1,0.5769268178847446,0.0009707212448120117,3.960848698625341e-05,0.010253310203552246
5_27_2021-10-11_1_L.png,2,1,0.6522818636948868,0.05010718107223511,0.005533573683351278,0.10387450456619263
5_27_2021-11-28_2_L.png,2,0,0.0370065296768404,-0.0012552924454212189,2.3435699404217303e-05,0.02178788185119629
5_27_2021-10-11_3_R.png,2,0,0.04006707619221341,-0.013047324493527412,0.0015729269944131374,0.12049835920333862
5_27_2021-10-11_2_L.png,2,0,0.551539229019645,-0.022989332675933838,0.0010744610335677862,0.03843879699707031
5_313_2020-09-29_2_L.png,2,0,0.032234153346934906,-0.005678568035364151,0.0005760755739174783,0.06718367338180542
5_313_2020-09-29_1_R.png,2,0,0.029091152281405075,-0.007397381588816643,0.0017691650427877903,0.13547837734222412
5_313_2020-10-21_1_L.png,2,0,0.1633874613292557,0.009620770812034607,0.0010660645784810185,0.2096121907234192
5_313_2020-10-21_2_R.png,2,0,0.039650034229579585,-0.07070792675949633,0.05174989998340607,0.3902776837348938
5_280_2022-05-24_2_L.png,2,0,0.028911704523594126,-0.005239994497969747,0.0006383750005625188,0.11171615123748779
5_280_2022-05-24_1_L.png,2,0,0.05657096910497342,-0.07271145284175873,0.051073357462882996,0.340884268283844
5_280_2022-05-24_4_R.png,2,0,0.04665845256793502,0.003434984013438225,0.0005622934550046921,0.18598169088363647
5_280_2022-05-24_3_R.png,2,0,0.03401904757458854,-0.013007309753447771,0.001212503993883729,0.06581062078475952
3_81_2021-01-22_2_L.png,1,0,0.7106042709706079,-0.006186366081237793,0.00025240477407351136,0.024453938007354736
3_81_2021-01-22_1_L.png,1,0,0.2458349913978179,0.015989527106285095,0.00043352297507226467,0.11826372146606445
3_81_2021-01-22_3_R.png,1,0,0.5706606248559428,-0.0006128652021288872,4.259361594449729e-05,0.01897495985031128
3_81_2021-06-02_3_R.png,1,0,0.5826339918974083,-0.07392797991633415,0.04593383148312569,0.22694051265716553
1_202_2021-09-12_1_R.png,0,0,0.1306380995613823,0.006593549624085426,0.0005241988110356033,0.1359192132949829
1_202_2021-09-12_2_R.png,0,0,0.21053002821351927,-0.0010537505149841309,0.00033196969889104366,0.09336888790130615
1_202_2021-09-12_3_L.png,0,0,0.24858974202866865,-0.02216803841292858,0.0018204175867140293,0.2848776578903198
1_202_2021-09-12_4_L.png,0,0,0.10554470757613309,0.006177001632750034,0.0005599860451184213,0.16486728191375732
3_115_2022-04-16_1_R.png,1,0,0.7516002731467711,0.03281807899475098,0.004719975404441357,0.06764227151870728
3_115_2022-02-21_2_R.png,1,0,0.6176738057848998,-0.0008258931338787079,0.00036614597775042057,0.02906668186187744
3_115_2022-04-16_2_L.png,1,0,0.6655362391476839,-0.033303152769804,0.0039288681000471115,0.07888740301132202
3_115_2022-02-21_1_L.png,1,0,0.5972649312805739,0.002385677769780159,0.000335445161908865,0.05742537975311279
5_496_2019-11-04_1_R.png,2,0,0.0996750243280733,-0.006279967725276947,0.00016289041377604008,0.03914070129394531
5_496_2019-05-07_1_R.png,2,0,0.06362747330360037,-0.063675032928586,0.034751832485198975,0.2277013063430786
5_496_2019-05-19_2_R.png,2,0,0.03929099622207029,-0.011165881529450417,0.001235594623722136,0.12598562240600586
5_496_2019-06-13_1_R.png,2,1,0.6977954734937137,0.08012107014656067,0.024071862921118736,0.10470950603485107
5_234_2020-12-02_1_L.png,2,0,0.07637885635876317,-0.1278851991519332,0.052536480128765106,0.2574385404586792
5_234_2020-12-02_2_L.png,2,0,0.08796549772680191,-0.25318006332963705,0.13395638763904572,0.3349059820175171
5_234_2020-10-28_1_L.png,2,0,0.10458011562766242,-0.3353359568864107,0.3123410940170288,0.34770411252975464
5_234_2020-11-16_1_L.png,2,0,0.030741265460592172,-0.0041827242821455,0.0003178368788212538,0.059882521629333496
5_291_2019-05-05_1_L.png,2,0,0.12332739674242008,-0.0010374784469604492,0.00015147431986406446,0.0898711085319519
5_291_2019-05-06_2_L.png,2,0,0.2883202332013613,-0.2826140820980072,0.14955830574035645,0.21487420797348022
5_291_2019-05-06_1_R.png,2,0,0.09746547870313545,-0.13580019026994705,0.09231245517730713,0.4277372360229492
5_291_2019-05-05_2_R.png,2,0,0.17668977287962312,0.31307132355868816,0.1038331687450409,0.3526058793067932
1_59_2019-01-30_1_R.png,0,0,0.5985815509088213,-0.055888579692691565,0.020015811547636986,0.10662156343460083
1_59_2019-01-30_2_R.png,0,0,0.24618064420218183,-0.001234990544617176,7.181899854913354e-05,0.10063576698303223
1_59_2019-01-30_4_L.png,0,0,0.13494745265348293,-0.009135928004980087,0.00029368605464696884,0.13030362129211426
1_59_2019-01-30_3_L.png,0,0,0.3662268217157757,0.09522678703069687,0.08765225857496262,0.3656795620918274
3_19_2021-08-06_1_L.png,1,0,0.5942471664875268,-0.00021026283502578735,4.796261782757938e-05,0.013295471668243408
3_19_2021-08-06_3_R.png,1,0,0.593755519983205,0.0027218759059906006,0.0003439061401877552,0.024863362312316895
3_19_2021-12-09_2_L.png,1,0,0.7284665521479048,0.007219552993774414,0.00024293723981827497,0.011085212230682373
3_19_2021-08-06_2_L.png,1,0,0.6866677692899892,0.005140841007232666,0.00016430686810053885,0.011164844036102295
5_93_2019-09-09_3_R.png,2,0,0.046213481854764704,-0.02941615879535675,0.009468610398471355,0.08897101879119873
5_93_2019-09-09_1_L.png,2,0,0.03586014107878053,-0.0014421194791793823,3.288273001089692e-05,0.031938374042510986
5_93_2019-09-09_2_L.png,2,0,0.04310494164659805,-0.0007771924138069153,0.00013632829359266907,0.05905944108963013
5_93_2019-08-14_1_R.png,2,0,0.2222398354330008,-0.056414902210235596,0.0036913668736815453,0.12923026084899902
1_4_2019-10-10_2_L.png,0,0,0.1472393779719511,0.04326550709083676,0.010831151157617569,0.06358516216278076
1_4_2019-02-26_2_R.png,0,0,0.45117943319094883,0.20034463983029127,0.08118925988674164,0.2406989336013794
1_4_2019-02-26_1_L.png,0,0,0.10504634826473726,0.004997744224965572,0.0006773703498765826,0.16362059116363525
1_4_2019-10-10_1_R.png,0,0,0.1092926815841965,0.04921911749988794,0.019308535382151604,0.2064065933227539
1_193_2019-08-22_1_R.png,0,0,0.17732338492953562,0.00018029473721981049,1.515027179266326e-07,0.01996457576751709
1_193_2019-08-22_3_R.png,0,0,0.08609426093448169,0.015066782245412469,0.004059300757944584,0.1594194769859314
1_193_2019-08-22_4_L.png,0,0,0.1273190590096152,0.003031030297279358,0.0022596975322812796,0.19639480113983154
1_193_2019-08-22_2_R.png,0,0,0.17316097518956666,0.013168775476515293,0.0008858006913214922,0.05481445789337158
4_82_2019-08-22_3_L.png,1,0,0.6792339933302073,-0.008301019668579102,0.00022338291455525905,0.01709073781967163
4_82_2019-08-22_1_R.png,1,0,0.5888322379005785,0.0006355643272399902,3.0329647415783256e-05,0.0177343487739563
4_82_2019-08-22_4_L.png,1,0,0.6890503076547374,-0.02670079469680786,0.0017681930912658572,0.049234986305236816
4_82_2019-08-22_2_R.png,1,0,0.5523236969558676,0.00018280185759067535,4.703915328718722e-05,0.04363173246383667
2_207_2019-09-03_2_R.png,1,0,0.7111982149960312,-0.0034025385975837708,2.9389208066277206e-05,0.011904418468475342
2_207_2019-07-31_2_R.png,1,0,0.6911304898490432,0.00533706322312355,0.00013163249241188169,0.06696480512619019
2_207_2019-09-03_1_L.png,1,1,0.15692972750406436,0.2221664134413004,0.15579932928085327,0.25677746534347534
5_732_2020-07-29_1_R.png,2,0,0.03125118804461165,0.001279575051739812,2.351253351662308e-05,0.1095532774925232
5_732_2020-07-29_2_L.png,2,0,0.033657421129078394,-0.015727085527032614,0.006244887597858906,0.19715523719787598
5_732_2020-08-26_1_L.png,2,0,0.03098673417069122,-0.013387731276452541,0.006351065821945667,0.21495628356933594
3_102_2020-08-05_1_L.png,1,0,0.7967967700492861,-0.09068965911865234,0.031275004148483276,0.4301159977912903
3_102_2020-08-05_2_L.png,1,0,0.568910483851887,0.0006982013583183289,0.00047820465988479555,0.1207931637763977
3_102_2020-08-05_3_R.png,1,0,0.6225268504415692,-0.004184693098068237,0.0012300328817218542,0.06798321008682251
5_642_2021-07-02_2_L.png,2,0,0.028002147032960775,-0.0022365874610841274,0.0002185148186981678,0.12987399101257324
5_642_2021-06-23_2_L.png,2,0,0.030316439686549634,-0.0040702177211642265,0.00040680187521502376,0.17191964387893677
5_642_2021-06-23_1_L.png,2,0,0.029464423684607922,-0.0057869660668075085,0.0012669030111283064,0.17534130811691284
1_2_2021-11-30_1_L.png,0,0,0.2982737290458591,0.2017282396554947,0.08820949494838715,0.22648733854293823
1_2_2021-11-30_3_R.png,0,0,0.314242732637213,-0.010288652032613754,0.0003325682191643864,0.07628905773162842
1_2_2021-11-30_2_L.png,0,0,0.1500115437957899,0.06143109314143658,0.016316605731844902,0.3325507640838623
2_19_2021-03-29_1_L.png,1,1,0.23915381098192037,0.024540722370147705,0.001489707501605153,0.08064335584640503
2_19_2021-03-29_4_R.png,1,0,0.7408117050609846,0.027683455497026443,0.0059906551614403725,0.2934151887893677
2_19_2021-03-29_3_L.png,1,0,0.7009692343648384,-0.02231910079717636,0.002452024957165122,0.06123924255371094
3_155_2021-03-12_1_R.png,1,0,0.7114399194615044,0.03555893898010254,0.007238814607262611,0.1511792540550232
3_155_2020-12-25_1_R.png,1,0,0.05343205945100362,-0.018062613904476166,0.0024923882447183132,0.07116413116455078
3_155_2020-10-11_1_R.png,1,0,0.03789296752308299,-0.011258194223046303,0.0026014666073024273,0.23962271213531494
1_188_2022-01-08_1_R.png,0,0,0.12147233441156328,0.031644921749830246,0.007300113327801228,0.12758314609527588
1_188_2022-01-08_2_L.png,0,0,0.16824925964949441,0.001114832703024149,0.0024193604476749897,0.16900038719177246
1_188_2022-01-08_3_L.png,0,0,0.2767268759097786,0.010793924331665039,0.0009130772668868303,0.1014183759689331
5_439_2022-05-17_2_R.png,1,0,0.6409876919870144,-0.005269499495625496,0.010159974917769432,0.49995535612106323
5_439_2022-06-06_7_L.png,2,0,0.03766288858824018,-0.043723684502765536,0.015361655503511429,0.31138312816619873
5_439_2022-05-17_1_L.png,2,1,0.5419395380400616,0.4961467534303665,0.14403320848941803,0.26880186796188354
5_155_2022-02-13_3_L.png,1,0,0.6808358267803168,-0.012830376625061035,0.0003784561704378575,0.09603255987167358
5_155_2022-02-13_1__L.png,2,0,0.037676797727877916,-0.0009105391800403595,0.00018998765153810382,0.13582253456115723
5_155_2022-02-13_2_R.png,2,0,0.06909761821582003,-0.012225700542330742,0.01089477725327015,0.5394550561904907
4_34_2021-06-07_2_R.png,1,0,0.688656591145177,-0.0058994293212890625,0.0024945277255028486,0.07832348346710205
4_34_2021-05-22_1_R.png,1,1,0.5445906243401746,-0.05570974946022034,0.002828436903655529,0.06662768125534058
4_34_2021-06-07_1_L.png,1,0,0.6228639243357524,-0.0009374693036079407,0.0005002676043659449,0.0858728289604187
3_161_2021-05-18_2_L.png,1,0,0.6310294935805187,0.0030279532074928284,0.00019114543101750314,0.043011367321014404
3_161_2021-05-18_1_L.png,1,0,0.14357432204887752,0.028640225529670715,0.003422908252105117,0.11035186052322388
3_161_2021-05-18_3_R.png,1,0,0.5499755192076717,-0.0016703004948794842,0.00044713803799822927,0.06491601467132568
5_467_2021-10-16_3_R.png,1,0,0.5773662476325973,-0.00014758482575416565,3.7136960600037128e-06,0.04754161834716797
5_467_2021-10-16_1_R.png,1,0,0.5797808221576068,-0.0009427517652511597,1.889623308670707e-05,0.09690886735916138
5_467_2021-10-16_2_L.png,2,0,0.0789296546939578,-0.02299877256155014,0.003720476757735014,0.299679160118103
2_149_2021-02-06_1_L.png,1,0,0.7346367034279245,-0.02551083266735077,0.002090048510581255,0.0482366681098938
2_149_2021-02-06_3_L.png,1,0,0.6535599758929506,-0.005382157862186432,0.00023965700529515743,0.12075924873352051
2_149_2021-02-06_2_R.png,1,0,0.5740924662897656,-0.0028054285794496536,0.0003807484754361212,0.03332829475402832
5_139_2021-11-23_1_R.png,2,0,0.039347680932902626,-0.04027505358681083,0.012258059345185757,0.4841340184211731
5_139_2021-11-18_1_R.png,2,0,0.345537978302332,-0.3217739760875702,0.1526758223772049,0.4467127323150635
5_139_2021-11-18_2_R.png,2,0,0.05261696645067435,-0.022230700589716434,0.0046056173741817474,0.5301920175552368
5_490_2022-03-31_2_L.png,2,0,0.03089999340280776,-0.0025403760373592377,0.0007032539579086006,0.4524100422859192
5_490_2022-03-31_3_L.png,2,0,0.03151435730798258,-0.0033165207132697105,0.0009945399360731244,0.4457824230194092
5_490_2022-03-31_1_R.png,2,0,0.1574651793100356,0.09764376282691956,0.03789803385734558,0.24094271659851074
5_158_2022-03-06_2_R.png,2,0,0.03216186805921672,-0.004239015281200409,0.00043707501026801765,0.15074431896209717
5_158_2022-03-06_3_L.png,2,0,0.030231607805566833,-0.003384317271411419,0.0005232972325757146,0.4007614850997925
5_158_2022-03-06_1_R.png,2,0,0.029061820736886207,-0.007569628534838557,0.0021897151600569487,0.21762394905090332
5_573_2021-06-09_2_R.png,1,0,0.554048624377463,-0.0003641294315457344,0.00011970961350016296,0.06635540723800659
5_573_2021-06-09_3_R.png,1,0,0.7239480340092135,-0.014058858156204224,0.0007763776229694486,0.07639962434768677
5_573_2021-06-09_1_L.png,1,0,0.5468296173573751,0.0025267628952860832,0.0006433425005525351,0.08848559856414795
5_74_2018-11-29_3_L.png,2,0,0.04690209672711359,-0.014399833977222443,0.0018727030837908387,0.0661935806274414
5_74_2018-12-04_1_L.png,2,0,0.03776196103190119,-0.0011407732963562012,2.8652619221247733e-05,0.03637254238128662
5_74_2018-11-29_2_L.png,2,0,0.09361621772272304,-0.043974608182907104,0.00820810254663229,0.17985230684280396
5_701_2021-07-25_2_R.png,2,0,0.028133943004373625,-0.006226750556379557,0.0006550869438797235,0.09721529483795166
5_701_2021-07-25_3_L.png,2,0,0.0305709388021712,-0.0038338014855980873,0.0002231693360954523,0.036229848861694336
5_701_2021-07-25_1_R.png,2,0,0.027318016976707365,-0.0018559542950242758,0.00012145965592935681,0.157989501953125
5_261_2021-05-29_1_R.png,1,0,0.6333254404376312,0.03631320595741272,0.013020672835409641,0.21298658847808838
5_261_2021-05-29_2_L.png,1,0,0.5556118444367513,0.002180386334657669,0.0003532887203618884,0.1016131043434143
5_261_2021-06-11_1_R.png,1,0,0.5655173916853814,0.0005165226757526398,0.0002163804165320471,0.20942318439483643
2_126_2019-07-03_3_R.png,1,0,0.607941356255216,-0.019797065295279026,0.00878981128334999,0.0794021487236023
2_126_2019-07-03_1_L.png,1,0,0.6593801837264972,0.1375200767070055,0.06843078881502151,0.47893857955932617
2_126_2019-07-03_2_R.png,1,0,0.6041318783711764,-0.017477518878877163,0.00461666751652956,0.0724402666091919
5_442_2021-01-13_2_R.png,2,0,0.028304740743565166,-0.0022587452549487352,0.0002707247040234506,0.31225574016571045
5_442_2020-12-30_2_R.png,2,0,0.026421681493122393,-0.002461097901687026,0.00023608727497048676,0.09329700469970703
5_442_2020-12-30_3_R.png,2,0,0.02808061237062337,-0.003514115232974291,0.0004895380698144436,0.2266165018081665
5_67_2020-07-30_1_R.png,2,0,0.026414561034674818,-0.0006897554267197847,2.481624687789008e-05,0.17608356475830078
5_67_2020-07-30_2_L.png,2,0,0.028860195051397804,-0.0007573720067739487,2.7055211830884218e-05,0.14896708726882935
5_67_2020-10-14_1_L.png,2,0,0.026226304223186836,-0.0006775700021535158,1.7493817722424865e-05,0.13198429346084595
4_95_2022-01-11_2_L.png,1,0,0.32541415432481174,0.022358790040016174,0.0069627002812922,0.24682700634002686
4_95_2022-01-11_3_L.png,1,0,0.588961661394301,-0.1073857992887497,0.013534490950405598,0.2115122675895691
4_95_2022-01-11_1_L.png,1,0,0.5592964461724437,-0.4067869484424591,0.21510863304138184,0.3212571144104004
1_111_2020-10-21_3_L.png,0,0,0.12446771906388378,0.12029213644564152,0.08800792694091797,0.4535960555076599
1_111_2020-10-21_2_L.png,0,0,0.14372876143883886,0.011719920672476292,0.0007748552598059177,0.12963497638702393
1_111_2020-10-21_1_R.png,0,0,0.1260553178046743,0.018584846518933773,0.0024108022917062044,0.4190868139266968
4_94_2020-10-11_1_R.png,1,0,0.03789296752308299,-0.011258194223046303,0.0026014666073024273,0.23962271213531494
4_94_2020-12-25_1_R.png,1,0,0.05343205945100362,-0.018062613904476166,0.0024923882447183132,0.07116413116455078
4_94_2021-03-12_1_R.png,1,0,0.7114399194615044,0.03555893898010254,0.007238814607262611,0.1511792540550232
1_68_2018-11-22_1_L.png,0,0,0.6997270197783645,-0.01424640417098999,0.00024145154748111963,0.022588491439819336
1_68_2018-11-22_3_R.png,0,0,0.7419282400964042,-0.0842057466506958,0.007703427225351334,0.0785558819770813
1_68_2018-11-22_2_R.png,0,0,0.78290603736966,-0.020645946264266968,0.0006222515366971493,0.028923213481903076
3_54_2021-06-08_2_R.png,1,0,0.5656273653300807,-0.0013697948306798935,0.00015133849228732288,0.024791300296783447
3_54_2021-06-08_1_R.png,1,0,0.5567310585307088,0.00015000998973846436,0.00026969367172569036,0.051133930683135986
3_54_2021-06-02_1_R.png,1,0,0.5489394411522371,-0.00039298972114920616,1.7258997104363516e-05,0.18840575218200684
5_597_2022-06-08_2_R.png,1,0,0.7100090363406727,0.04971611499786377,0.007135656196624041,0.302611768245697
5_597_2022-06-08_1_L.png,2,1,0.7467390593847851,0.05595880746841431,0.006916135549545288,0.09975743293762207
5_597_2022-06-13_1_R.png,2,0,0.06971511528296434,-0.014615155756473541,0.001160157728008926,0.19376987218856812
5_366_2021-11-04_1_R.png,2,1,0.5523231394517959,-0.000659688375890255,4.890110722044483e-05,0.15389609336853027
5_366_2021-10-24_2_R.png,2,1,0.5359451408220957,5.256105214357376e-05,4.4447289837989956e-05,0.05997753143310547
5_366_2022-06-05_1_R.png,2,1,0.61330633473306,0.005240105092525482,0.00043900180025957525,0.02964162826538086
3_73_2021-12-08_5_L.png,1,0,0.7551136536196449,0.01937127113342285,0.012828570790588856,0.19894015789031982
3_73_2021-12-08_3_L.png,1,0,0.5014560396903214,-0.007269948720932007,0.0006417420227080584,0.10084807872772217
3_73_2021-12-08_6_L.png,1,0,0.6578887516042073,0.06152072548866272,0.04145870357751846,0.23813378810882568
5_329_2021-04-21_3_R.png,2,0,0.04175286170025902,0.0019488129764795303,2.6493158657103777e-05,0.28103548288345337
5_329_2021-04-21_1_R.png,2,0,0.05906379629951622,-0.12162056379020214,0.05807950347661972,0.2734699249267578
5_329_2021-04-21_2_L.png,1,0,0.5787618179664392,0.014097711071372032,0.01381588913500309,0.18838489055633545
1_55_2020-07-20_3_L.png,0,0,0.1316068304492141,-0.0031464858911931515,8.247061487054452e-05,0.44333934783935547
1_55_2020-07-20_1_R.png,0,0,0.21144548852206593,0.031495802104473114,0.00466214818879962,0.3559876084327698
1_55_2020-07-20_2_L.png,0,0,0.14267707642984664,0.010397147387266159,0.00848337821662426,0.7350407838821411
5_262_2021-10-21_1_L.png,1,0,0.7197429507719934,-0.32517485320568085,0.11663724482059479,0.1873636245727539
5_262_2021-10-21_5_L.png,2,0,0.039098674769673276,-0.0025050900876522064,3.44066065736115e-05,0.05755746364593506
5_262_2021-10-21_3_L.png,2,1,0.6929663000265075,0.014157101511955261,0.002306709298864007,0.03399193286895752
1_20_2022-04-10_2_R.png,0,0,0.4499532753597895,0.023416362702846527,0.003879933850839734,0.15837955474853516
1_20_2022-04-10_3_L.png,0,0,0.6572505417080984,0.3873281106352806,0.15554001927375793,0.3022612929344177
1_20_2022-04-10_1_L.png,0,0,0.09816830694757916,0.041888484731316566,0.012143807485699654,0.13576316833496094
1_201_2020-07-19_1_R.png,0,0,0.09223267317071271,0.005451306933537126,0.0003864264872390777,0.1160440444946289
1_201_2020-07-19_2_L.png,0,0,0.10243861519353037,0.01972333900630474,0.003961982671171427,0.21168774366378784
1_201_2020-07-19_3_L.png,0,0,0.09556191535728455,0.013160277158021927,0.0017223070608451962,0.10648506879806519
1_160_2021-01-14_2_L.png,0,0,0.14424943121337935,0.19798665586858988,0.1420190930366516,0.46167486906051636
1_160_2021-01-14_1_R.png,0,0,0.09574203169260596,0.15821525594219565,0.14453044533729553,0.5601849555969238
1_160_2021-01-14_3_L.png,0,0,0.29923352765860184,0.060290444642305374,0.01079256646335125,0.3467007279396057
1_139_2021-11-26_3_R.png,0,0,0.2666580164431679,0.0781601364724338,0.0193023644387722,0.1930118203163147
1_139_2021-11-26_1_L.png,0,0,0.3799395202464018,0.07322637410834432,0.013502312824130058,0.15571165084838867
1_139_2021-11-26_2_L.png,0,0,0.7798536636986882,-0.008897006511688232,0.008810741826891899,0.09716624021530151
1_155_2020-09-30_1_R.png,0,0,0.12981657625035384,0.020573075860738754,0.006018266547471285,0.35816818475723267
1_155_2020-09-30_2_R.png,0,0,0.19660123321317047,0.08671144768595695,0.026357095688581467,0.1326497197151184
1_155_2020-09-30_3_R.png,0,0,0.5062704382546277,0.006905475631356239,0.00013568002032116055,0.032063305377960205
1_74_2020-05-07_1_R.png,0,0,0.7838628213917301,-0.06212587654590607,0.006180406082421541,0.0845288634300232
1_74_2020-01-08_1_R.png,0,0,0.7523248153931181,-0.031190142035484314,0.0024435454979538918,0.0393986701965332
1_74_2020-05-07_2_R.png,0,0,0.7063813566301821,-0.013258695602416992,0.0008984406013041735,0.03616064786911011
3_147_2020-10-20_4_R.png,1,0,0.5842819767061397,-0.011219974607229233,0.006976279895752668,0.21275031566619873
3_147_2020-10-20_2_L.png,1,0,0.6396089422397748,0.0016452372074127197,0.0001794082927517593,0.04907119274139404
3_147_2020-10-20_3_L.png,1,0,0.1814350034782552,-0.016160964965820312,0.0004843610804527998,0.046337664127349854
1_28_2020-11-11_1_R.png,0,0,0.6462196344685989,0.05530785582959652,0.0060981097631156445,0.31768250465393066
1_28_2021-03-24_1_R.png,0,0,0.5570084156765482,-0.0019899928011000156,0.00019419290765654296,0.024729788303375244
1_28_2020-12-15_1_R.png,0,0,0.3597730076160414,-0.0020593097433447838,3.574999573174864e-05,0.06040763854980469
1_18_2019-05-27_1_R.png,0,0,0.08773107658072218,0.0021631005220115185,7.83675059210509e-05,0.057028889656066895
1_18_2019-09-23_1_R.png,0,0,0.06931769300433069,0.0033066640608012676,0.0002424844424240291,0.059691011905670166
1_18_2019-04-15_1_R.png,0,0,0.07417897866014282,0.0021021380089223385,8.175126276910305e-05,0.029026925563812256
5_373_2019-01-10_3_L.png,2,0,0.4857878816379394,-0.0018309354782104492,1.757244172040373e-05,0.009507834911346436
5_373_2019-01-10_2_R.png,2,1,0.6559980641400472,-0.0326196551322937,0.0030852979980409145,0.0649709701538086
5_373_2019-01-10_1_R.png,2,0,0.11275458458733625,-0.028606601059436798,0.0034094080328941345,0.07073062658309937
5_512_2020-10-27_4_L.png,1,0,0.31518124190897473,-0.21728047728538513,0.31303054094314575,0.5017976760864258
5_512_2020-10-27_2_L.png,1,0,0.6577239208359885,0.07228901237249374,0.041134849190711975,0.18214619159698486
5_512_2019-12-04_1_L.png,1,0,0.620967193977399,0.001940559595823288,6.481549644377083e-05,0.03594851493835449
3_77_2021-01-14_2_L.png,1,0,0.5463461154652844,-3.230571746826172e-05,0.0001999158994294703,0.040791094303131104
3_77_2021-01-14_3_R.png,1,0,0.6335055472143105,-0.0024007707834243774,0.0005646147765219212,0.04650866985321045
3_77_2021-01-14_1_L.png,1,0,0.5614227777214441,0.0008848868310451508,0.0010647838935256004,0.07051581144332886
4_38_2021-12-13_2_L.png,1,0,0.719611391640494,0.00746045121923089,0.00020830109133385122,0.030398249626159668
4_38_2021-12-13_4_L.png,1,0,0.6827002680834469,-0.023764736019074917,0.0035440779756754637,0.0700448751449585
4_38_2021-12-13_16_L.png,1,0,0.7153975997206488,-0.002629263326525688,8.293025894090533e-05,0.01055687665939331
5_727_2022-04-28_2_R.png,2,0,0.03270856097034016,-0.009251866489648819,0.0010006555821746588,0.2036091685295105
5_727_2022-05-06_1_R.png,2,0,0.11715581021415035,-0.02186756581068039,0.0010927522089332342,0.12440890073776245
5_727_2022-04-28_1_L.png,2,1,0.6059510593474732,0.060228465124964714,0.05100248008966446,0.3852947950363159
5_429_2021-03-18_3_R.png,1,0,0.5653325181901409,0.004244079813361168,0.0006568137323483825,0.08848637342453003
5_429_2021-04-01_1_L.png,2,1,0.6605152335304028,0.13481992483139038,0.04218835011124611,0.21026813983917236
5_429_2021-04-01_3_L.png,2,0,0.037571387305201244,-0.023654581047594547,0.012482000514864922,0.2180827260017395
1_25_2019-02-09_2_L.png,0,0,0.25782271358537623,-0.02086036652326584,0.00026912050088867545,0.021339893341064453
1_25_2019-02-09_3_L.png,0,0,0.4867591553521057,-0.05545544624328613,0.002780485898256302,0.04935741424560547
1_25_2019-02-09_1_R.png,0,0,0.0449525090447726,-0.04022751422598958,0.006342269014567137,0.10390722751617432
5_659_2019-04-30_4_R.png,2,0,0.0372166382815332,-0.001773148775100708,7.165044371504337e-05,0.055140554904937744
5_659_2019-04-30_2_R.png,2,0,0.0372166382815332,-0.001773148775100708,7.165044371504337e-05,0.055140554904937744
5_659_2019-05-30_1_R.png,2,0,0.038627640470613026,-0.10499435104429722,0.19515693187713623,0.5647238492965698
5_629_2020-12-01_1_R.png,2,0,0.03756960119453878,-0.031924386974424124,0.00890650786459446,0.18842977285385132
5_629_2020-11-25_2_R.png,2,0,0.06644031298614764,0.016572710126638412,0.003317402210086584,0.13790202140808105
5_629_2020-11-25_1_R.png,2,0,0.05033966249320317,-0.01908469945192337,0.0030341953970491886,0.07455986738204956
5_633_2021-10-18_3_R.png,1,0,0.576144539224365,0.0022569019347429276,0.0006524868658743799,0.04481083154678345
5_633_2021-10-18_2_R.png,1,0,0.5737192706856987,-0.0014658588916063309,0.0006470885709859431,0.12654316425323486
5_633_2021-10-13_1_R.png,1,0,0.6448708027881355,-0.006462983787059784,0.0025072020944207907,0.1527388095855713
2_6_2021-12-23_1_L.png,1,0,0.8544392170865722,-0.34156909584999084,0.11920590698719025,0.21572774648666382
2_6_2021-12-23_3_R.png,1,1,0.21552210391491755,0.02322126366198063,0.0020694322884082794,0.20140260457992554
2_6_2021-12-23_2_R.png,1,0,0.6359286727350505,-0.05643604137003422,0.0069320546463131905,0.11179715394973755
4_37_2019-07-12_2_L.png,1,0,0.6046176408533983,-6.690621376037598e-06,2.8973212465643883e-05,0.02740377187728882
4_37_2019-07-12_3_R.png,1,0,0.6039844451093869,-0.0005270242691040039,0.0008538931142538786,0.0650402307510376
4_37_2019-07-12_1_L.png,1,0,0.61776977505044,0.012871719896793365,0.002901120111346245,0.09206444025039673
1_172_2020-11-23_1_L.png,0,0,0.11025104632003718,0.013216263614594936,0.0020600634161382914,0.4995889663696289
1_172_2020-11-26_1_R.png,0,0,0.12213969726725778,0.007563955150544643,0.0006425534375011921,0.52069491147995
1_172_2020-11-23_2_R.png,0,0,0.14876480350114749,-0.008056737948209047,0.0005763064255006611,0.25297486782073975
1_50_2021-06-08_1_L.png,0,0,0.5838153764437858,-0.0007135793566703796,7.111055310815573e-05,0.02151966094970703
1_50_2021-04-09_1_L.png,0,0,0.6762173684713324,-0.0031031277030706406,0.0004071876173838973,0.020075201988220215
1_50_2021-04-09_2_R.png,0,0,0.391300415357537,-0.02530956268310547,0.0018235204042866826,0.11283838748931885
5_59_2021-07-12_1_R.png,2,0,0.2495954990699546,-0.10612721741199493,0.032182104885578156,0.21110254526138306
5_59_2021-07-12_3_R.png,2,0,0.6415786187515222,-0.02881106734275818,0.0007346207275986671,0.04597276449203491
5_59_2021-07-12_2_L.png,2,1,0.569935551180317,0.0028697308152914047,0.0005095125525258482,0.0944591760635376
4_13_2021-12-04_1_R.png,1,0,0.5836768523387885,0.002430759370326996,0.0002219479501945898,0.04144996404647827
4_13_2021-12-04_2_L.png,1,0,0.7037559718972223,-0.08229164034128189,0.03394223749637604,0.5771743059158325
4_13_2021-12-04_3_R.png,1,0,0.5613924834436954,-0.0013642814010381699,8.778535266174003e-05,0.0637008547782898
1_149_2021-03-21_3_L.png,0,0,0.08975584305016865,0.04105059243738651,0.014171632006764412,0.1767212152481079
1_149_2021-03-21_1_R.png,0,0,0.7177400603782803,-0.015149097889661789,0.0006673717871308327,0.02313631772994995
1_149_2021-03-21_2_L.png,0,0,0.10186240189599065,0.0011615008115768433,3.357652167323977e-05,0.2041049599647522
3_6_2019-06-11_2_R.png,1,0,0.18435791897658413,-0.016103744506835938,0.0010744078317657113,0.058647751808166504
3_6_2019-12-06_2_R.png,1,0,0.43358073887631166,-0.0016800761222839355,4.494679160416126e-06,0.0206376314163208
3_6_2019-12-06_1_L.png,1,0,0.2357760469799629,-0.013829618692398071,0.0002722102217376232,0.01097559928894043
1_64_2020-11-11_2_R.png,0,0,0.4323409814686843,0.864298589527607,0.519045352935791,0.4385504126548767
1_64_2020-11-11_1_L.png,0,0,0.11954913520993536,0.08498061913996935,0.039797380566596985,0.2710014581680298
4_90_2019-08-29_2_L.png,1,0,0.09156446564174207,-0.015440590679645538,0.0008453703485429287,0.020469486713409424
4_90_2019-08-29_1_R.png,1,0,0.6070710547236101,0.008126646280288696,0.009362972341477871,0.18909460306167603
2_121_2021-02-09_1_L.png,1,0,0.6437201200793531,-0.008154408074915409,0.0001590153551660478,0.05833101272583008
2_121_2021-02-09_2_R.png,1,0,0.6148914051599838,-0.1471114233136177,0.037091486155986786,0.17361146211624146
2_134_2020-12-28_2_R.png,1,0,0.6846528686394872,-0.04838568903505802,0.008245909586548805,0.1591995358467102
2_134_2020-12-28_1_L.png,1,0,0.7366452510410939,-0.019201159477233887,0.004480359610170126,0.07069224119186401
5_180_2020-09-17_2_L.png,2,0,0.07433983493065471,-0.17234688438475132,0.13549067080020905,0.3346031904220581
5_180_2020-09-17_3_L.png,2,0,0.030050368016201395,-0.006912862882018089,0.0012246730038896203,0.1350516676902771
1_91_2020-11-26_2_L.png,0,0,0.1011372989659606,0.05814705789089203,0.032540250569581985,0.35453569889068604
1_91_2020-11-26_1_R.png,0,0,0.06932449892662931,0.0046856217086315155,0.000541393703315407,0.06935518980026245
5_345_2019-01-07_1_R.png,2,0,0.027953040556489357,-0.004120466532185674,0.0004779725568369031,0.14707684516906738
5_345_2018-12-07_1_R.png,2,0,0.02847202938915949,-0.004020248306915164,0.0005818444769829512,0.16836655139923096
1_156_2019-12-14_1_L.png,0,0,0.06908420216069441,0.0024316341150552034,0.0001993080077227205,0.07538354396820068
1_156_2019-12-14_2_R.png,0,0,0.14201876694177681,0.012328790035098791,0.0009485079790465534,0.07079899311065674
1_89_2021-11-25_1_L.png,0,0,0.08556606760650497,0.004294633865356445,0.0002090979542117566,0.10402649641036987
1_89_2021-11-25_2_R.png,0,0,0.13236353074647833,0.015530758537352085,0.0034073994029313326,0.27608686685562134
3_154_2019-04-18_1_L.png,1,0,0.7454982447051142,0.03659948706626892,0.003473775228485465,0.44869840145111084
3_154_2019-04-18_2_R.png,1,0,0.7110076972012455,-0.007073432207107544,0.0002163165481761098,0.04654669761657715
1_159_2021-02-12_1_R.png,0,0,0.023676519224696317,0.3676213249564171,0.5467209219932556,0.6499538421630859
1_159_2021-02-27_1_R.png,0,0,0.2748062788598728,0.08852967992424965,0.022964952513575554,0.15192055702209473
1_198_2021-08-17_2_R.png,0,0,0.5596537097866622,-0.038675688207149506,0.0027808123268187046,0.2670068144798279
1_198_2021-08-17_1_L.png,0,0,0.44044823086150253,0.11967283487319946,0.028559094294905663,0.1503000259399414
4_4_2021-09-04_1_L.png,1,0,0.6082575705080141,0.000967465341091156,1.6362275346182287e-05,0.023422181606292725
4_4_2021-10-15_1_L.png,1,0,0.6257946510463726,0.00223570317029953,6.248986755963415e-05,0.012045800685882568
3_37_2022-01-07_2_R.png,1,0,0.6229033880110828,0.06648186407983303,0.0391903780400753,0.2919914722442627
3_37_2022-01-07_1_L.png,1,0,0.5454875091145864,-0.00012844055891036987,4.4844215153716505e-05,0.027142822742462158
1_128_2019-01-15_2_R.png,0,0,0.23152305470008536,0.07273516431450844,0.01899716630578041,0.10959964990615845
1_128_2019-01-15_1_L.png,0,0,0.08365855868869168,0.0018204255029559135,0.000308723421767354,0.09945476055145264
1_144_2018-11-30_1_L.png,0,0,0.4610701263862019,-0.0067162420600652695,9.368975588586181e-05,0.05109965801239014
1_144_2018-11-30_2_R.png,0,0,0.07261854591617516,0.0041086445562541485,0.0007017649477347732,0.1563429832458496
1_97_2019-07-17_1_L.png,0,0,0.39376416494459304,0.008404061198234558,0.0001714179670671001,0.052472054958343506
1_97_2019-07-17_2_R.png,0,0,0.07388897917885175,0.18765254179015756,0.19631244242191315,0.37496721744537354
4_84_2019-11-20_2_R.png,1,0,0.5578384923056501,0.002400033175945282,0.0005543145816773176,0.04966515302658081
4_84_2020-01-08_2_R.png,1,0,0.5937557819496021,-0.002131197601556778,0.00021189925610087812,0.09076935052871704
1_127_2020-08-18_1_L.png,0,0,0.1394568618323688,0.01748795062303543,0.0035595083609223366,0.14225661754608154
1_127_2020-08-18_2_R.png,0,0,0.06508552835343377,0.0017353091388940811,0.00015218646149151027,0.08552801609039307
2_28_2021-07-08_2_L.png,1,0,0.581103565964527,0.0010033994913101196,0.0007753357058390975,0.07027751207351685
2_28_2021-07-08_1_L.png,1,0,0.6227693440859249,-0.007898321375250816,0.008815770968794823,0.13181447982788086
2_186_2021-09-25_2_R.png,1,0,0.6141104999551176,-0.04012497514486313,0.031110215932130814,0.18371480703353882
2_186_2021-09-25_1_L.png,1,0,0.7982629080853373,0.02417798340320587,0.011761199682950974,0.1978226900100708
5_176_2021-11-11_1_R.png,2,0,0.027685676576385272,-0.003340893890708685,0.00024218129692599177,0.08433932065963745
5_176_2021-11-11_2_R.png,2,0,0.027493376215085186,-0.004199784016236663,0.00035160110564902425,0.07254046201705933
1_39_2019-11-11_1_R.png,0,0,0.1581785454267774,0.08254404924809933,0.033054254949092865,0.15959066152572632
1_39_2019-11-11_2_L.png,0,0,0.08008584873643672,0.020042291143909097,0.007777314633131027,0.1426471471786499
1_83_2020-12-05_1_L.png,0,0,0.12734915481025832,-0.00207433570176363,0.00014485054998658597,0.10536783933639526
1_83_2020-12-05_2_R.png,0,0,0.1972756617914796,-0.009493849705904722,0.0004147656727582216,0.08391684293746948
1_54_2020-08-12_2_R.png,0,0,0.22409714384398344,-0.031225370708853006,0.003755104960873723,0.08217084407806396
1_54_2020-08-12_1_L.png,0,0,0.08645905508729276,0.01807912439107895,0.004488167352974415,0.14053064584732056
4_35_2019-08-28_2_R.png,1,0,0.4487353890386513,-0.37409716844558716,0.13483606278896332,0.433735728263855
4_35_2019-09-01_1_R.png,1,0,0.5812037214601369,-0.0016488488763570786,0.0012829940533265471,0.056143999099731445
4_42_2020-05-21_2_L.png,1,0,0.7075552303089913,-0.11744364351034164,0.023682381957769394,0.1506853699684143
4_42_2020-05-21_1_R.png,1,0,0.6047545943459176,-0.01380537822842598,0.005196739453822374,0.34096652269363403
5_385_2022-05-11_1_L.png,2,0,0.47954167153061,-0.3727511614561081,0.3026273250579834,0.32454365491867065
5_385_2022-05-11_3_L.png,2,0,0.11559492976623192,-0.05538145452737808,0.012180645018815994,0.542471170425415
