kind	release_asset	source_path	bytes	sha256
data	UWF_DR_1630-source.zip	7hao/datasets/UWF_DR_1630/Ultra-wide-field (SLO) fundus image dataset for intelligent diabetic retinopathy system.zip	401670342	4d60410559620a14dee62bca67472c38cd27c4e1b88cd4e4191c21f3986ff26b
data	MSHF_dataset_2.0.zip	7hao/datasets/MSHF_IQA/MSHF_dataset_2.0.zip	1136891149	115def6513bc1516d77ceb4ac2e90a9fcf582e825604c08be9524f5fd6c4a219
data	SUSTech_SYSU.zip	7hao/datasets/SUSTech_SYSU_Figshare/SUSTech_SYSU.zip	437670761	b5e3f31f7fc26f612f5fc04fbc8137a023d4812306ce8d2f92b6011dacd52735
data	Disease_Grading.zip	7hao/datasets/IDRiD_Zenodo/Disease_Grading.zip	212405123	8a9f4752b35d74cc35ff48b21ad44f295a6f800110ec218fc2d1c264803e4d8c
data	RFMiD2_0.zip	7hao/datasets/RFMiD2_0.zip	63658404	f979241706e334e1db1a56635c2d0c0e08ecdcc44a2b19cd7b614a133ea00f74
weight	RegionSuff-model-weights.tar.gz	repository/archives/RegionSuff-model-weights.tar.gz	824484687	8e7e6de70be950446566ed9468cad111e925a3db6c582f05f9aa0f317d5ccf33
archive	RegionSuff-project-history.tar.gz	repository/archives/RegionSuff-project-history.tar.gz	1409740732	0fb3ef3d24d03f2c3c2809b248eca9d25eb67fd5a51b7f667dedddea6f0671a1
data	MMRDR.zip.001	7hao/datasets/MMRDR_figshare/parts/MMRDR.zip.001	2097152000	916788e53baf24491798ff8be2175437129e043a5dc4e28d0e23056d8eaf282a
data	MMRDR.zip.002	7hao/datasets/MMRDR_figshare/parts/MMRDR.zip.002	2097152000	9233740fb69cd5775bfbf084bc50eee2e9c557fcd556078eb18d3c77e47ed5e4
data	MMRDR.zip.003	7hao/datasets/MMRDR_figshare/parts/MMRDR.zip.003	2097152000	5c4f52f332d9b412ed17cb10d23032fe88c58ac37a9e42040ec135b9817836bd
data	MMRDR.zip.004	7hao/datasets/MMRDR_figshare/parts/MMRDR.zip.004	2097152000	975fb681ffa5957b359785f31c2e70ec4b04d2c93a6674b18004dd780b311351
data	MMRDR.zip.005	7hao/datasets/MMRDR_figshare/parts/MMRDR.zip.005	2097152000	58589a080ff8ee2ec4520e55fc5ae21ee8d5bb8d95f8498e38f9433a617bbf99
data	MMRDR.zip.006	7hao/datasets/MMRDR_figshare/parts/MMRDR.zip.006	2097152000	5b5a4995434c6959e092cb13fa4e0b0037284a1cfb2e64225c72eeed264b5d55
data	MMRDR.zip.007	7hao/datasets/MMRDR_figshare/parts/MMRDR.zip.007	2097152000	33ee3fbbfcfa00471edcf4ef40ef2f11830f147235f620d2a8255f7772be7942
data	MMRDR.zip.008	7hao/datasets/MMRDR_figshare/parts/MMRDR.zip.008	2097152000	3b59790ca3a8ab748dff017f5914fca4f7b3b3388023c4e2596430358c280142
data	MMRDR.zip.009	7hao/datasets/MMRDR_figshare/parts/MMRDR.zip.009	1833101731	58ecdaa1461c5360c804f9816e3d8b62c91d0c412a8929bcbd23a6d0bb06152d
