image,severity,risk_target,missing_center_attention,missing_center_cross_attention,peripheral_max_attention,attention_entropy
1_111_2020-10-21_1_R.png,0,0,0.8653915077447891,0.26278019696474075,0.10716219246387482,1.9408029371969882
1_111_2020-10-21_2_L.png,0,0,0.7282244265079498,0.08904972299933434,0.042988985776901245,1.5729034658546988
1_111_2020-10-21_3_L.png,0,0,0.7782503962516785,0.43040408939123154,0.3280195891857147,1.747336093615232
1_127_2020-08-18_1_L.png,0,0,0.4182621240615845,0.11328672431409359,0.04996030405163765,1.4283482317904792
1_127_2020-08-18_2_R.png,0,0,0.4340108633041382,0.09159586951136589,0.04267317056655884,1.4526123401184394
1_128_2019-01-15_1_L.png,0,0,0.4194914698600769,0.051021428778767586,0.029060376808047295,1.0975490075800567
1_128_2019-01-15_2_R.png,0,0,0.7540635466575623,0.08607037924230099,0.05853085219860077,1.6562137932074077
1_139_2021-11-26_1_L.png,0,0,0.6802389323711395,0.13640138693153858,0.10610048472881317,1.632220199626355
1_139_2021-11-26_2_L.png,0,0,0.4601823091506958,0.09035258926451206,0.041397325694561005,1.4262169007048564
1_139_2021-11-26_3_R.png,0,0,0.6687542498111725,0.11048113740980625,0.04842032864689827,1.5781313446632677
1_143_2019-03-04_1_L.png,0,0,0.16078037023544312,0.03802085295319557,0.03233429789543152,0.690044648331384
1_143_2019-03-04_2_R.png,0,0,0.22105413675308228,0.03808763902634382,0.01436934806406498,0.8810886183674638
1_143_2019-09-11_1_L.png,0,0,0.5092383921146393,0.171444499399513,0.1298283040523529,1.4534670460190662
1_143_2019-09-11_2_R.png,0,0,0.6312160193920135,0.09137072414159775,0.03560829907655716,1.625836422807209
1_144_2018-11-30_1_L.png,0,0,0.49853891134262085,0.04638196900486946,0.026463370770215988,1.3104239541054068
1_144_2018-11-30_2_R.png,0,0,0.8071340322494507,0.19616226851940155,0.15630275011062622,1.7741483235380437
1_149_2021-03-21_1_R.png,0,0,0.3799639940261841,0.04803032428026199,0.020099127665162086,1.262700172170592
1_149_2021-03-21_2_L.png,0,0,0.5772455334663391,0.22228106763213873,0.16555620729923248,1.6426950645497893
1_149_2021-03-21_3_L.png,0,0,0.4181395173072815,0.0733612347394228,0.03941470757126808,1.3322958673497158
1_155_2020-09-30_1_R.png,0,0,0.9814994297921658,0.21389900147914886,0.09015288203954697,1.305060052278853
1_155_2020-09-30_2_R.png,0,0,0.6030394732952118,0.1600209977477789,0.1339530348777771,1.5937247252153965
1_155_2020-09-30_3_R.png,0,0,0.47302931547164917,0.033656444400548935,0.01303497888147831,1.4134785904492382
1_156_2019-12-14_1_L.png,0,0,0.8692551851272583,0.07715870812535286,0.04273177310824394,1.2926463460475932
1_156_2019-12-14_2_R.png,0,0,0.5318195223808289,0.04943169979378581,0.02829129993915558,1.297211048492129
1_159_2021-02-12_1_R.png,0,0,0.8382232189178467,0.6241682609543204,0.33801501989364624,1.8837446558885966
1_159_2021-02-27_1_R.png,0,0,0.6014297306537628,0.07476446032524109,0.030303945764899254,1.5656390624580687
1_160_2021-01-14_1_R.png,0,0,0.6966921091079712,0.29457106348127127,0.25014108419418335,1.6697321620452326
1_160_2021-01-14_2_L.png,0,0,0.891423411667347,0.34896446391940117,0.24685035645961761,1.9209387949034051
1_160_2021-01-14_3_L.png,0,0,0.8380760848522186,0.4941952973604202,0.1661948561668396,2.051784671142196
1_172_2020-11-23_1_L.png,0,0,0.9878714065998793,0.6112861838191748,0.3816273808479309,1.7496621580684488
1_172_2020-11-23_2_R.png,0,0,0.8177695125341415,0.2585044130682945,0.12769965827465057,1.8660257149033939
1_172_2020-11-26_1_R.png,0,0,0.8573477119207382,0.44860684871673584,0.22912059724330902,1.9723036868956294
1_181_2019-03-01_1_L.png,0,0,0.37541085481643677,0.09557409770786762,0.058894865214824677,1.2953974825269818
1_181_2019-03-01_2_R.png,0,0,0.43963778018951416,0.0561114139854908,0.02618066966533661,1.256369154596259
1_181_2022-07-08_1_R.png,0,0,0.1918238401412964,0.023691379465162754,0.009473261423408985,0.8044347915101764
1_181_2022-07-08_2_L.png,0,0,0.9142090305685997,0.1894790641963482,0.09346354752779007,1.541709222536593
1_188_2022-01-08_1_R.png,0,0,0.622232049703598,0.033432978205382824,0.01298998761922121,1.5208514839929819
1_188_2022-01-08_2_L.png,0,0,0.8749473243951797,0.1151182260364294,0.09730309247970581,1.6115168188543483
1_188_2022-01-08_3_L.png,0,0,0.814251571893692,0.07819457445293665,0.06218603253364563,1.416273361295791
1_18_2019-04-15_1_R.png,0,0,0.08322018384933472,0.03614726895466447,0.022001568228006363,0.4440908708181732
1_18_2019-05-27_1_R.png,0,0,0.13446199893951416,0.03874753974378109,0.014944331720471382,0.6578473308102467
1_18_2019-09-23_1_R.png,0,0,0.12883663177490234,0.04527402715757489,0.020197756588459015,0.6147776163082077
1_193_2019-08-22_1_R.png,0,0,0.5046152174472809,0.030083544552326202,0.016506729647517204,1.2939016880706744
1_193_2019-08-22_2_R.png,0,0,0.6988005042076111,0.06949743442237377,0.04784639924764633,1.2648083099735807
1_193_2019-08-22_3_R.png,0,0,0.6550138592720032,0.09635667130351067,0.040601007640361786,1.555637324160952
1_193_2019-08-22_4_L.png,0,0,0.27298086881637573,0.07220172137022018,0.03296531364321709,1.065104077724838
1_195_2020-07-31_1_R.png,0,0,0.6369118690490723,0.17547308094799519,0.13073626160621643,1.42666580849455
1_195_2020-07-31_2_L.png,0,0,0.6626940965652466,0.4359445422887802,0.35255715250968933,1.6320873206139233
1_195_2021-07-22_1_R.png,0,0,0.8420531898736954,0.10389541927725077,0.04586688429117203,1.661064302509916
1_195_2021-07-22_2_L.png,0,0,0.8709718137979507,0.2799172941595316,0.1287689357995987,1.7984235647971671
1_198_2021-08-17_1_L.png,0,0,0.4401410222053528,0.15097898710519075,0.07722184807062149,1.4783785353921925
1_198_2021-08-17_2_R.png,0,0,0.60218745470047,0.25312615372240543,0.13502958416938782,1.6739681969300049
1_19_2020-10-25_1_L.png,0,0,0.9656673856079578,0.3896977826952934,0.22233730554580688,1.8563503962997934
1_19_2020-10-25_2_R.png,0,0,0.7633266150951385,0.11440356820821762,0.04979659244418144,1.597978753897873
1_19_2021-10-10_1_R.png,0,0,0.7130517363548279,0.1689862757921219,0.09731706976890564,1.6846935258223974
1_19_2021-10-10_2_L.png,0,0,0.7977738678455353,0.24865422025322914,0.1062227189540863,2.005713021175691
1_200_2021-05-13_1_R.png,0,0,0.7835573852062225,0.4176698341034353,0.3969680070877075,1.513792351736694
1_200_2021-05-13_2_L.png,0,0,0.8900933191180229,0.11415314860641956,0.07783476263284683,1.6026274746237392
1_200_2021-05-13_3_R.png,0,0,0.8638410717248917,0.19732458796352148,0.12232951074838638,1.6857524974204905
1_200_2021-05-13_4_R.png,0,0,0.9172206148505211,0.2738016527146101,0.17309416830539703,1.6271622844980234
1_201_2020-07-19_1_R.png,0,0,0.5244229733943939,0.1403055265545845,0.057273268699645996,1.7081580880959288
1_201_2020-07-19_2_L.png,0,0,0.5274848937988281,0.18666865304112434,0.09155593812465668,1.5953705384095007
1_201_2020-07-19_3_L.png,0,0,0.28330010175704956,0.06568538304418325,0.03657974302768707,1.0821273581771136
1_202_2021-09-12_1_R.png,0,0,0.720378190279007,0.09784933924674988,0.03201473504304886,1.5687263822942583
1_202_2021-09-12_2_R.png,0,0,0.8603937774896622,0.06894196104258299,0.02742369845509529,1.1433379959603513
1_202_2021-09-12_3_L.png,0,0,0.8282758295536041,0.25182362645864487,0.0793050155043602,2.0129249436276417
1_202_2021-09-12_4_L.png,0,0,0.7563344240188599,0.18773046508431435,0.07563695311546326,1.8687931648651315
1_20_2022-04-10_1_L.png,0,0,0.4099268317222595,0.13310454413294792,0.10570445656776428,1.3766496950045262
1_20_2022-04-10_2_R.png,0,0,0.5196531116962433,0.12480976432561874,0.06840086728334427,1.6323888292786295
1_20_2022-04-10_3_L.png,0,0,0.5688537955284119,0.3062110273167491,0.28516045212745667,1.4781690102874612
1_25_2019-02-09_1_R.png,0,0,0.46246737241744995,0.08448177762329578,0.04264377802610397,1.406121000545136
1_25_2019-02-09_2_L.png,0,0,0.1733102798461914,0.015474640531465411,0.005548117682337761,0.6907480296774525
1_25_2019-02-09_3_L.png,0,0,0.17691725492477417,0.06489526061341166,0.0480695515871048,0.753854951240589
1_26_2020-11-20_1_R.png,0,0,0.3562048077583313,0.0873559731990099,0.036524347960948944,1.1814463401236515
1_26_2020-11-20_2_R.png,0,0,0.6401393413543701,0.21100405789911747,0.1475534290075302,1.6532295267514758
1_26_2020-11-20_3_R.png,0,0,0.5764171183109283,0.12393578514456749,0.07028406858444214,1.5010428691044255
1_26_2020-11-20_4_L.png,0,0,0.2658734917640686,0.07443075440824032,0.03915004804730415,1.0494998032304321
1_28_2020-11-11_1_R.png,0,0,0.7572595477104187,0.23299627471715212,0.10904193669557571,1.7855460839040698
1_28_2020-12-15_1_R.png,0,0,0.4425196647644043,0.042391194961965084,0.01988648995757103,1.245346821390272
1_28_2021-03-24_1_R.png,0,0,0.49835407733917236,0.039658472407609224,0.01872170902788639,1.2913346437885
1_2_2021-11-30_1_L.png,0,0,0.8024665266275406,0.10925111174583435,0.08023244887590408,1.7155544121996276
1_2_2021-11-30_2_L.png,0,0,0.7611563354730606,0.33044910710304976,0.1599297672510147,1.9285884707419936
1_2_2021-11-30_3_R.png,0,0,0.537823349237442,0.04478463437408209,0.036359816789627075,1.29585315829627
1_39_2019-11-11_1_R.png,0,0,0.49016404151916504,0.2581777232699096,0.16590207815170288,1.4148307915358107
1_39_2019-11-11_2_L.png,0,0,0.26799702644348145,0.11156716803088784,0.05535004287958145,1.0355980322480542
1_40_2019-03-21_1_R.png,0,0,0.44500696659088135,0.13428251538425684,0.0627795085310936,1.383160631139522
1_40_2019-03-21_2_L.png,0,0,0.9006344527006149,0.4374387990683317,0.24201104044914246,1.950944678988852
1_40_2020-12-11_1_R.png,0,0,0.7274667024612427,0.1520292367786169,0.06286667287349701,1.7796986695653956
1_40_2020-12-11_2_L.png,0,0,0.7953539788722992,0.11849187314510345,0.050143543630838394,1.8781348555255497
1_46_2021-02-28_1_R.png,0,0,0.8677103817462921,0.7695603074971586,0.7353258728981018,0.971582676821921
1_46_2021-02-28_2_R.png,0,0,0.9479558989405632,0.16443311423063278,0.05258467048406601,1.4071260222098034
1_46_2021-07-18_1_R.png,0,0,0.8544547855854034,0.19921711971983314,0.17319992184638977,1.2409189479492122
1_46_2021-07-29_1_R.png,0,0,0.7447020709514618,0.30017973482608795,0.12643618881702423,1.959278196113984
1_4_2019-02-26_1_L.png,0,0,0.7647211253643036,0.1593245528638363,0.05543665960431099,1.8442011740966369
1_4_2019-02-26_2_R.png,0,0,0.8241558969020844,0.20557215251028538,0.1475919932126999,1.7439811999818
1_4_2019-10-10_1_R.png,0,0,0.5077762007713318,0.15437990427017212,0.06979314237833023,1.5988000574554748
1_4_2019-10-10_2_L.png,0,0,0.29733365774154663,0.09608063101768494,0.07535193115472794,1.042357323507621
1_50_2021-04-09_1_L.png,0,0,0.48434722423553467,0.04883431538473815,0.0410979799926281,1.3667056275216005
1_50_2021-04-09_2_R.png,0,0,0.7620595842599869,0.15844306908547878,0.13128723204135895,1.535591624598883
1_50_2021-06-08_1_L.png,0,0,0.36619579792022705,0.016505873762071133,0.007431080564856529,1.0782011154120195
1_54_2020-08-12_1_L.png,0,0,0.7727935314178467,0.07552769128233194,0.03151119127869606,1.3831819251000168
1_54_2020-08-12_2_R.png,0,0,0.5228131413459778,0.08739506080746651,0.06072590872645378,1.3670665716181278
1_55_2020-07-20_1_R.png,0,0,0.8923230245709419,0.2910655438899994,0.09672726690769196,1.9801481911297896
1_55_2020-07-20_2_L.png,0,0,0.9168146848678589,0.7047641780227423,0.4268922209739685,1.7472773718061085
1_55_2020-07-20_3_L.png,0,0,0.8729975521564484,0.44908276852220297,0.3667314648628235,1.6156869970910077
1_59_2019-01-30_1_R.png,0,0,0.26008814573287964,0.08810235001146793,0.04383494704961777,0.9287433701749012
1_59_2019-01-30_2_R.png,0,0,0.2667161822319031,0.13221294479444623,0.07727567106485367,1.0290608577887435
1_59_2019-01-30_3_L.png,0,0,0.9143737852573395,0.4747888781130314,0.3229083716869354,1.8826879694929115
1_59_2019-01-30_4_L.png,0,0,0.2473970651626587,0.0665384391322732,0.0324573889374733,0.9921935151189683
1_64_2020-11-11_1_L.png,0,0,0.520948737859726,0.3146865898743272,0.28372496366500854,1.3917951381472775
1_64_2020-11-11_2_R.png,0,0,0.36920756101608276,0.11221199296414852,0.07016037404537201,1.2737589806317444
1_68_2018-11-22_1_L.png,0,0,0.23604607582092285,0.033581879921257496,0.022663379088044167,0.9173595787389828
1_68_2018-11-22_2_R.png,0,0,0.7859684079885483,0.02016303315758705,0.006593235768377781,1.3722234536368407
1_68_2018-11-22_3_R.png,0,0,0.8472928404808044,0.0530659444630146,0.01671542413532734,1.4766109952914437
1_74_2020-01-08_1_R.png,0,0,0.17878931760787964,0.012341883033514023,0.005322814919054508,0.7500458183179792
1_74_2020-05-07_1_R.png,0,0,0.35345321893692017,0.02395023324061185,0.017168065533041954,0.8317812498535547
1_74_2020-05-07_2_R.png,0,0,0.4788629412651062,0.013852659147232771,0.007219672203063965,1.111645246447913
1_83_2020-12-05_1_L.png,0,0,0.6820980608463287,0.057160988450050354,0.021967710927128792,1.7576416735950628
1_83_2020-12-05_2_R.png,0,0,0.6827487349510193,0.11508531495928764,0.04429837316274643,1.602307320915183
1_87_2021-05-05_1_R.png,0,0,0.21377992630004883,0.0682752663269639,0.05169770121574402,0.8650256287703885
1_87_2021-05-05_2_L.png,0,0,0.6773532032966614,0.2759581096470356,0.137536883354187,1.826443567733675
1_87_2021-05-05_3_L.png,0,0,0.6381832659244537,0.07247815653681755,0.04304282367229462,1.448381653254566
1_87_2021-05-05_4_L.png,0,0,0.6849944293498993,0.34492729790508747,0.25539281964302063,1.749805984053921
1_89_2021-11-25_1_L.png,0,0,0.9127562344074249,0.04477690905332565,0.02386162057518959,1.3989502196937569
1_89_2021-11-25_2_R.png,0,0,0.868970975279808,0.13087784498929977,0.07758411765098572,1.8756881202241027
1_91_2020-11-26_1_R.png,0,0,0.5182390809059143,0.16631584241986275,0.0824480950832367,1.6788390768332206
1_91_2020-11-26_2_L.png,0,0,0.7961386293172836,0.2853485867381096,0.1780754029750824,1.8908887930721845
1_97_2019-07-17_1_L.png,0,0,0.26031309366226196,0.057100278325378895,0.042738910764455795,0.9331918153703199
1_97_2019-07-17_2_R.png,0,0,0.4319683909416199,0.2908947141841054,0.2415916919708252,1.3021283594878623
2_100_2022-05-31_13_R.png,1,0,0.7221103608608246,0.4845458287745714,0.3438698649406433,1.7603267089301953
2_100_2022-05-31_1_R.png,1,1,0.24977511167526245,0.03932649455964565,0.023906562477350235,0.9514865157239076
2_100_2022-05-31_2_L.png,1,1,0.9650438241660595,0.1775628849864006,0.11399124562740326,1.692436662673299
2_100_2022-05-31_9_L.png,1,0,0.900114618241787,0.040832712315022945,0.018506783992052078,0.6833663268977843
2_121_2021-02-09_1_L.png,1,0,0.440717875957489,0.04823070205748081,0.02063094452023506,1.3342360152301864
2_121_2021-02-09_2_R.png,1,0,0.7436444759368896,0.12479611858725548,0.04105111211538315,1.6209547278945131
2_126_2019-07-03_1_L.png,1,0,0.7000530660152435,0.30286987219005823,0.22741946578025818,1.6095004016892909
2_126_2019-07-03_2_R.png,1,1,0.1505487561225891,0.051002399530261755,0.03376459330320358,0.6846797902840528
2_126_2019-07-03_3_R.png,1,1,0.5005185604095459,0.07158043864183128,0.05319485068321228,1.0488824138407495
2_134_2020-12-28_1_L.png,1,0,0.638463944196701,0.0758783146739006,0.03490755334496498,1.641980632872832
2_134_2020-12-28_2_R.png,1,0,0.7312654554843903,0.20109504275023937,0.1269221305847168,1.682160391859383
2_149_2021-02-06_1_L.png,1,0,0.8881609216332436,0.07481092773377895,0.04726151376962662,1.268691470070458
2_149_2021-02-06_2_R.png,1,1,0.7595317959785461,0.046859096735715866,0.03896215930581093,1.5306511029720304
2_149_2021-02-06_3_L.png,1,0,0.5540005266666412,0.0763731999322772,0.04608308523893356,1.4692468995814474
2_186_2021-09-25_1_L.png,1,0,0.9295917972922325,0.15930385887622833,0.13647697865962982,1.5138105234036228
2_186_2021-09-25_2_R.png,1,0,0.8535264879465103,0.06456311419606209,0.03877876326441765,1.5262650766986534
2_19_2021-03-29_1_L.png,1,0,0.6792744994163513,0.09798657894134521,0.05940145626664162,1.8091512381114956
2_19_2021-03-29_3_L.png,1,0,0.7867109179496765,0.07847901806235313,0.050103526562452316,1.6022658685620335
2_19_2021-03-29_4_R.png,1,1,0.8998049050569534,0.14775099605321884,0.06397915631532669,1.7035847078341249
2_207_2019-07-31_2_R.png,1,1,0.5641326606273651,0.06226988509297371,0.032168563455343246,1.3764777729486564
2_207_2019-09-03_1_L.png,1,0,0.339823842048645,0.08264020713977516,0.07659266144037247,1.10987855554846
2_207_2019-09-03_2_R.png,1,0,0.2655547261238098,0.0289004510268569,0.009142541326582432,0.9668476524957932
2_28_2021-07-08_1_L.png,1,1,0.7789639085531235,0.051318276673555374,0.035729892551898956,1.519443138761718
2_28_2021-07-08_2_L.png,1,1,0.7222343385219574,0.02577859628945589,0.012935340404510498,1.401499590123802
2_4_2021-10-21_1_R.png,1,0,0.9430150911211967,0.27881839871406555,0.20809237658977509,1.726245814016673
2_4_2021-10-21_2_R.png,1,1,0.7756217271089554,0.05293480330146849,0.040861085057258606,0.9035449001557813
2_4_2021-10-21_3_L.png,1,0,0.405261754989624,0.037174561992287636,0.013736695982515812,1.2444633192758165
2_4_2021-10-21_4_R.png,1,1,0.9773519821465015,0.3623987790197134,0.35179102420806885,1.2893121463857533
2_6_2021-12-23_1_L.png,1,0,0.7227570414543152,0.2267533764243126,0.20645610988140106,1.6075329165244439
2_6_2021-12-23_2_R.png,1,1,0.5210374295711517,0.06777552515268326,0.04347648471593857,1.4905655483130222
2_6_2021-12-23_3_R.png,1,1,0.6761293411254883,0.044058240950107574,0.013613006100058556,1.5557010687505382
3_102_2020-08-05_1_L.png,1,0,0.5806539356708527,0.2558417753316462,0.20114140212535858,1.4558933498012896
3_102_2020-08-05_2_L.png,1,0,0.6328291594982147,0.1468690438196063,0.08779757469892502,1.645081110636465
3_102_2020-08-05_3_R.png,1,0,0.48134249448776245,0.04022720828652382,0.028286980465054512,1.2534310812808398
3_115_2022-02-21_1_L.png,1,0,0.732201486825943,0.052287195110693574,0.04262381047010422,0.9854187861833058
3_115_2022-02-21_2_R.png,1,0,0.5533343255519867,0.01698002964258194,0.007231426425278187,1.3226040940552444
3_115_2022-04-16_1_R.png,1,0,0.7750079929828644,0.0659676669165492,0.05157238990068436,1.043570981865269
3_115_2022-04-16_2_L.png,1,1,0.6244243681430817,0.20805250108242035,0.18137678503990173,1.5144824845682847
3_147_2020-10-20_2_L.png,1,0,0.4880070090293884,0.11029280023649335,0.05337945744395256,1.4172437559145328
3_147_2020-10-20_3_L.png,1,0,0.32613396644592285,0.11508211493492126,0.059359148144721985,1.139699682260903
3_147_2020-10-20_4_R.png,1,0,0.9078319221735001,0.40717270411551,0.3079912066459656,1.7083401166334966
3_14_2021-01-27_1_L.png,1,0,0.8551041483879089,0.3420689031481743,0.2200431376695633,1.911358948284629
3_14_2021-01-27_2_L.png,1,0,0.5257192254066467,0.2845032438635826,0.1995309442281723,1.6207384410049899
3_14_2021-01-27_3_R.png,1,1,0.6444031000137329,0.13461392559111118,0.061559949070215225,1.624118929241133
3_14_2021-01-27_4_R.png,1,1,0.9548982605338097,0.495064627379179,0.3522791862487793,1.8149889420494465
3_154_2019-04-18_1_L.png,1,0,0.7764989584684372,0.16347064450383186,0.0881732776761055,1.5712537924073304
3_154_2019-04-18_2_R.png,1,0,0.37624746561050415,0.03484144853428006,0.021931903436779976,1.1919282717627826
3_155_2020-10-11_1_R.png,1,0,0.9551764875650406,0.2578211724758148,0.1352810114622116,1.8820552646854798
3_155_2020-12-25_1_R.png,1,0,0.6259127259254456,0.04548008739948273,0.017090657725930214,1.4912991187408855
3_155_2021-03-12_1_R.png,1,0,0.4335557818412781,0.08055204525589943,0.03291285037994385,1.3991089589948484
3_161_2021-05-18_1_L.png,1,0,0.6449339985847473,0.11719037499278784,0.06562788784503937,1.409875940937508
3_161_2021-05-18_2_L.png,1,0,0.507476806640625,0.0301651731133461,0.01793476939201355,1.3211355262176037
3_161_2021-05-18_3_R.png,1,0,0.9405374154448509,0.019226785749197006,0.00702377874404192,1.1548744647655496
3_19_2021-08-06_1_L.png,1,0,0.3885330557823181,0.012107157381251454,0.007080014795064926,1.1121652960842288
3_19_2021-08-06_2_L.png,1,1,0.19931745529174805,0.0364864026196301,0.010807666927576065,0.7417147645240953
3_19_2021-08-06_3_R.png,1,0,0.5512366592884064,0.015992367640137672,0.00681412685662508,1.0782889440727175
3_19_2021-12-09_2_L.png,1,0,0.1811884641647339,0.021260076202452183,0.011673638597130775,0.7605207428024813
3_27_2019-03-06_1_R.png,1,0,0.3337234854698181,0.04254187969490886,0.03721173480153084,0.9671475464507311
3_27_2019-03-06_2_L.png,1,0,0.23537516593933105,0.01082763890735805,0.005568492691963911,0.7720830510500435
3_27_2019-04-25_1_L.png,1,1,0.09397739171981812,0.021612713113427162,0.012371199205517769,0.46320356540901897
3_27_2019-04-25_2_R.png,1,1,0.08007806539535522,0.011771984864026308,0.006205328740179539,0.4071156080910489
3_37_2022-01-07_1_L.png,1,0,0.48602956533432007,0.05792946740984917,0.03501512482762337,1.2924352290158871
3_37_2022-01-07_2_R.png,1,0,0.7970225065946579,0.14520290680229664,0.13454340398311615,1.26660984735676
3_54_2021-06-02_1_R.png,1,0,0.6437276303768158,0.1564712373074144,0.1404409408569336,1.4364207468249297
3_54_2021-06-08_1_R.png,1,0,0.5944087505340576,0.019091432564891875,0.009769407100975513,1.2105793217687286
3_54_2021-06-08_2_R.png,1,0,0.6956313848495483,0.013335341238416731,0.007881737314164639,1.1809692995604364
3_6_2019-06-11_2_R.png,1,0,0.7884073853492737,0.04370171017944813,0.02454254776239395,1.4437034412250385
3_6_2019-12-06_1_L.png,1,0,0.3154253363609314,0.017518755048513412,0.00695918221026659,0.9632539633215075
3_6_2019-12-06_2_R.png,1,0,0.45339661836624146,0.04746180400252342,0.03505135327577591,1.3063511077237981
3_73_2021-12-08_3_L.png,1,0,0.6150132715702057,0.05341498553752899,0.025212286040186882,1.4211765814099102
3_73_2021-12-08_5_L.png,1,0,0.8984626829624176,0.1665528044104576,0.10147885978221893,1.7352301268921824
3_73_2021-12-08_6_L.png,1,0,0.8153274655342102,0.22743928572162986,0.11415161937475204,1.8225226896796025
3_77_2021-01-14_1_L.png,1,0,0.23389601707458496,0.027526342310011387,0.016919123008847237,0.8553170821501189
3_77_2021-01-14_2_L.png,1,0,0.20888370275497437,0.02676211530342698,0.01220561470836401,0.7030202229903671
3_77_2021-01-14_3_R.png,1,0,0.6672175824642181,0.14277818705886602,0.10461918264627457,1.6262474905525621
3_81_2021-01-22_1_L.png,1,0,0.7777936309576035,0.10040292330086231,0.049940887838602066,1.4005802011364126
3_81_2021-01-22_2_L.png,1,0,0.380302369594574,0.026075610890984535,0.01426662877202034,1.1449351540087576
3_81_2021-01-22_3_R.png,1,0,0.5402783155441284,0.01403720211237669,0.009571527130901814,0.9917920501484931
3_81_2021-06-02_3_R.png,1,0,0.49926626682281494,0.20674682059325278,0.0712401419878006,1.5584080642243334
4_13_2021-12-04_1_R.png,1,1,0.5569277405738831,0.048627438489347696,0.02657775953412056,1.2781263145710877
4_13_2021-12-04_2_L.png,1,0,0.7216987907886505,0.3200442576780915,0.2237367182970047,1.6704629167441591
4_13_2021-12-04_3_R.png,1,0,0.6276679039001465,0.06399964541196823,0.03132539242506027,1.5697348198792367
4_34_2021-05-22_1_R.png,1,0,0.38687390089035034,0.021924588829278946,0.007591042667627335,1.2632231878789006
4_34_2021-06-07_1_L.png,1,0,0.6545076072216034,0.19915192481130362,0.09886955469846725,1.697214475463188
4_34_2021-06-07_2_R.png,1,0,0.28135645389556885,0.04216764122247696,0.017713915556669235,1.0885931401234745
4_35_2019-08-28_2_R.png,1,1,0.5213228166103363,0.2776147183030844,0.20133255422115326,1.5737234368622297
4_35_2019-09-01_1_R.png,1,0,0.30426841974258423,0.11041168915107846,0.08274035900831223,1.1235605821217207
4_37_2019-07-12_1_L.png,1,0,0.7179929912090302,0.0567685617133975,0.04335520416498184,1.541229053481961
4_37_2019-07-12_2_L.png,1,0,0.5380508899688721,0.03272767644375563,0.014795534312725067,1.352403377907956
4_37_2019-07-12_3_R.png,1,0,0.5209232568740845,0.05924019357189536,0.02830524742603302,1.34672359218363
4_38_2021-12-13_16_L.png,1,0,0.26675647497177124,0.02698305994272232,0.014964800328016281,0.9526458661276426
4_38_2021-12-13_2_L.png,1,0,0.4091881513595581,0.030468412558548152,0.01448982022702694,1.2210328126054633
4_38_2021-12-13_4_L.png,1,0,0.8580101132392883,0.12556678999681026,0.11031906306743622,1.1097615467662632
4_42_2020-05-21_1_R.png,1,0,0.9697707202285528,0.3815492857247591,0.14289821684360504,1.8732213129240702
4_42_2020-05-21_2_L.png,1,0,0.7184514701366425,0.11107048019766808,0.053939320147037506,1.6792174137904525
4_4_2021-09-04_1_L.png,1,0,0.6209016740322113,0.033518269658088684,0.016154440119862556,1.602726099362968
4_4_2021-10-15_1_L.png,1,1,0.4321420192718506,0.012695800047367811,0.003977229818701744,1.214517913458575
4_82_2019-08-22_1_R.png,1,1,0.41263914108276367,0.0139872832223773,0.005776592995971441,1.0608243130127324
4_82_2019-08-22_2_R.png,1,1,0.5500493943691254,0.10867595858871937,0.06038819998502731,1.5094376943130068
4_82_2019-08-22_3_L.png,1,0,0.36427825689315796,0.030867175431922078,0.02288231812417507,1.0078104485095047
4_82_2019-08-22_4_L.png,1,0,0.3375774621963501,0.04686147440224886,0.020935939624905586,1.0840820704235479
4_84_2019-11-20_2_R.png,1,0,0.654623806476593,0.06834677327424288,0.059247344732284546,1.3577772763468854
4_84_2020-01-08_2_R.png,1,0,0.6473380923271179,0.15729771926999092,0.09162848442792892,1.7451660480947648
4_90_2019-08-29_1_R.png,1,0,0.8643535375595093,0.07666660193353891,0.042261555790901184,1.062307350292279
4_90_2019-08-29_2_L.png,1,0,0.6745235621929169,0.02488070446997881,0.010749846696853638,1.2946619882725343
4_94_2020-10-11_1_R.png,1,0,0.9551764875650406,0.2578211724758148,0.1352810114622116,1.8820552646854798
4_94_2020-12-25_1_R.png,1,0,0.6259127259254456,0.04548008739948273,0.017090657725930214,1.4912991187408855
4_94_2021-03-12_1_R.png,1,0,0.4335557818412781,0.08055204525589943,0.03291285037994385,1.3991089589948484
4_95_2022-01-11_1_L.png,1,1,0.791904479265213,0.11656079441308975,0.06428816169500351,1.3944221350092634
4_95_2022-01-11_2_L.png,1,1,0.8577603995800018,0.1900450624525547,0.1484965831041336,1.5211724742931636
4_95_2022-01-11_3_L.png,1,1,0.7391051352024078,0.13286500796675682,0.08632156252861023,1.623840745568385
5_118_2022-04-21_1_L.png,2,0,0.742812305688858,0.12031789869070053,0.07986260205507278,1.5510854410683717
5_118_2022-04-21_2_L.png,2,0,0.7256676852703094,0.157545804977417,0.1132390946149826,1.6095759717834106
5_118_2022-04-21_3_R.png,2,0,0.6320656836032867,0.06891295686364174,0.042244087904691696,1.6269223270134832
5_118_2022-04-21_4_R.png,2,0,0.6783433258533478,0.09142696484923363,0.05981535464525223,1.6002334409178922
5_139_2021-11-18_1_R.png,2,0,0.8388244211673737,0.18918376043438911,0.10686800628900528,1.9470739763864333
5_139_2021-11-18_2_R.png,2,0,0.8559715896844864,0.40844907239079475,0.21186597645282745,1.8548020143952264
5_139_2021-11-23_1_R.png,2,0,0.65158611536026,0.2534651178866625,0.16097624599933624,1.5968800096615974
5_155_2022-02-13_1__L.png,2,0,0.8027712553739548,0.1387406699359417,0.10910501331090927,1.6630881882264754
5_155_2022-02-13_2_R.png,2,0,0.908496804535389,0.7097223866730928,0.3327455222606659,1.7439121736223049
5_155_2022-02-13_3_L.png,1,0,0.6978663504123688,0.2222541607916355,0.11183062195777893,1.8796892271350085
5_158_2022-03-06_1_R.png,2,0,0.7980924993753433,0.26744198612868786,0.12907707691192627,1.9334514529530697
5_158_2022-03-06_2_R.png,2,0,0.7776595652103424,0.1665072962641716,0.06441192328929901,1.8924613591026613
5_158_2022-03-06_3_L.png,2,0,0.9716178458184004,0.24995515123009682,0.10032124817371368,1.8329625664634668
5_176_2021-11-11_1_R.png,2,0,0.8181938827037811,0.05985608696937561,0.03468112647533417,1.355547609790692
5_176_2021-11-11_2_R.png,2,0,0.8821447342634201,0.05311770737171173,0.01809537597000599,1.2326944757006904
5_179_2020-09-27_1_R.png,2,0,0.9417191185057163,0.3380117639899254,0.1105634793639183,2.0505307981828755
5_179_2020-09-27_2_R.png,2,0,0.8632844239473343,0.24948444217443466,0.11912141740322113,1.9764309697947156
5_179_2020-09-27_3_L.png,1,0,0.36959612369537354,0.11061243433505297,0.06938862800598145,1.2757270789567379
5_179_2020-09-27_4_L.png,1,0,0.706712007522583,0.06098977476358414,0.04488161578774452,1.7093698573033422
5_180_2020-09-17_2_L.png,2,0,0.697962611913681,0.5184075143188238,0.40719327330589294,1.5499204232560178
5_180_2020-09-17_3_L.png,2,0,0.4071688652038574,0.1669551134109497,0.12235839664936066,1.4090628272583168
5_192_2021-06-04_1_L.png,2,0,0.6618468463420868,0.09924291633069515,0.05620651692152023,1.590173976335218
5_192_2021-06-04_2_L.png,2,0,0.8303546756505966,0.06355728581547737,0.029522011056542397,1.5688620559764028
5_192_2022-03-08_1_L.png,2,0,0.7275101542472839,0.2733846385963261,0.2109483778476715,1.5084277754923998
5_192_2022-03-08_2_L.png,2,0,0.732358306646347,0.3465480552986264,0.29528313875198364,1.6016633112519003
5_234_2020-10-28_1_L.png,2,1,0.4573512077331543,0.2596990910824388,0.20569533109664917,1.3154122246625037
5_234_2020-11-16_1_L.png,2,1,0.5656615495681763,0.05030622519552708,0.02801501378417015,1.3249505194698072
5_234_2020-12-02_1_L.png,2,1,0.6297317445278168,0.39276781491935253,0.21197107434272766,1.794463919291409
5_234_2020-12-02_2_L.png,2,1,0.8984253108501434,0.25500813964754343,0.11713118106126785,1.5519425156627256
5_238_2021-03-09_1_R.png,2,0,0.8911506682634354,0.342577014118433,0.28330186009407043,1.759489322671012
5_238_2021-03-09_2_L.png,1,0,0.7254934310913086,0.29147915076464415,0.26067373156547546,1.5691578286869703
5_238_2021-03-16_1_L.png,1,0,0.5431418716907501,0.11619118973612785,0.10033238679170609,1.4546512389038513
5_238_2021-03-16_3_R.png,2,0,0.7510074973106384,0.05660113785415888,0.025278234854340553,1.4968174178794633
5_261_2021-05-29_1_R.png,1,0,0.8802001923322678,0.26499052345752716,0.2427995502948761,1.8460847393693836
5_261_2021-05-29_2_L.png,1,0,0.7404037117958069,0.10612288862466812,0.059565648436546326,1.579151270383582
5_261_2021-06-11_1_R.png,1,0,0.7600049674510956,0.11130278557538986,0.0628369152545929,1.8081179927533084
5_262_2021-10-21_1_L.png,1,1,0.6740246713161469,0.3500044345855713,0.15786637365818024,1.7857145288265528
5_262_2021-10-21_3_L.png,2,1,0.8755102902650833,0.04247327893972397,0.015921199694275856,1.2244830372218312
5_262_2021-10-21_5_L.png,2,0,0.8873762339353561,0.042010074481368065,0.012633359991014004,1.4843447397989005
5_27_2021-10-11_1_L.png,2,1,0.6389819979667664,0.12701258808374405,0.07635270804166794,1.7146979101008324
5_27_2021-10-11_2_L.png,2,1,0.6501989662647247,0.04401348531246185,0.025954309850931168,1.6810647584377592
5_27_2021-10-11_3_R.png,2,0,0.7817186862230301,0.10698059760034084,0.04787895083427429,1.7294629799948618
5_27_2021-11-28_2_L.png,2,0,0.7453432381153107,0.015066639985889196,0.006242483388632536,1.2513354813666113
5_280_2022-05-24_1_L.png,2,0,0.8591109365224838,0.18790824711322784,0.11338628083467484,1.7183641701621901
5_280_2022-05-24_2_L.png,2,0,0.8853134959936142,0.22718000039458275,0.1775999814271927,1.8276413489489358
5_280_2022-05-24_3_R.png,2,0,0.16552352905273438,0.03724024281837046,0.02615952305495739,0.7057592976471552
5_280_2022-05-24_4_R.png,2,0,0.830947145819664,0.2968639247119427,0.17125171422958374,1.9381724692161422
5_291_2019-05-05_1_L.png,2,0,0.8065923005342484,0.1881286045536399,0.09604381769895554,1.39537674166027
5_291_2019-05-05_2_R.png,2,1,0.9135907217860222,0.4704812839627266,0.2535135746002197,1.9396726283178383
5_291_2019-05-06_1_R.png,2,1,0.9671139307320118,0.22543277591466904,0.1076267659664154,1.6001893219594716
5_291_2019-05-06_2_L.png,2,0,0.7357401251792908,0.3068188321776688,0.2260986864566803,1.664449008564019
5_313_2020-09-29_1_R.png,2,0,0.8256866633892059,0.10059711709618568,0.04101571813225746,1.7041241316561362
5_313_2020-09-29_2_L.png,2,0,0.6453028917312622,0.09192538261413574,0.03595760837197304,1.7037230323297894
5_313_2020-10-21_1_L.png,2,0,0.7753587663173676,0.16217805072665215,0.09369441866874695,1.7418089504687015
5_313_2020-10-21_2_R.png,2,0,0.9011179357767105,0.18953181989490986,0.08977977186441422,1.7751665902051685
5_329_2021-04-21_1_R.png,2,0,0.9146994948387146,0.21650445461273193,0.1683373600244522,1.6853752646137479
5_329_2021-04-21_2_L.png,1,0,0.7228958010673523,0.15910418890416622,0.1158706322312355,1.7144837513587672
5_329_2021-04-21_3_R.png,2,0,0.9029773250222206,0.3324143812060356,0.30046647787094116,1.688513358848015
5_345_2018-12-07_1_R.png,2,1,0.6566126942634583,0.17254396993666887,0.15428966283798218,1.5172399376347567
5_345_2019-01-07_1_R.png,2,0,0.4537901282310486,0.2282995916903019,0.2122786045074463,1.3004994211518655
5_35_2021-07-27_1_R.png,1,0,0.34514808654785156,0.010649453848600388,0.003427132498472929,1.1039367545662633
5_35_2021-07-27_2_R.png,1,0,0.4680042862892151,0.012248203391209245,0.006984806153923273,1.0313827265081483
5_35_2021-07-27_4_R.png,2,0,0.12293577194213867,0.013955538161098957,0.005648402031511068,0.5701471748733656
5_35_2021-08-23_1_R.png,2,0,0.47951096296310425,0.12053201859816909,0.08806247264146805,1.4138616411258855
5_366_2021-10-24_2_R.png,2,1,0.8260549455881119,0.0818459945730865,0.05376697704195976,1.6212843884004786
5_366_2021-11-04_1_R.png,2,1,0.7650086581707001,0.23038377612829208,0.19439613819122314,1.7849931447183343
5_366_2022-06-05_1_R.png,2,1,0.8097188025712967,0.04849266912788153,0.024813631549477577,1.534124343417073
5_373_2019-01-10_1_R.png,2,1,0.5626688003540039,0.04446747712790966,0.020006537437438965,1.2273629828532298
5_373_2019-01-10_2_R.png,2,1,0.8936582058668137,0.05465294420719147,0.03530290350317955,1.4310666489510049
5_373_2019-01-10_3_L.png,2,0,0.08294302225112915,0.01928366022184491,0.013007252477109432,0.4184690683412809
5_385_2022-05-11_1_L.png,2,0,0.7283932864665985,0.1928296536207199,0.08021771162748337,1.9516345223568485
5_385_2022-05-11_3_L.png,2,0,0.8119303435087204,0.6303512211889029,0.20393075048923492,2.004862036153907
5_39_2021-11-14_2_L.png,2,0,0.7902747094631195,0.040279269218444824,0.018696600571274757,1.717483147109888
5_39_2021-11-14_3_L.png,2,0,0.7190671563148499,0.20649831369519234,0.16839487850666046,1.611381348500957
5_39_2021-11-14_4_L.png,2,0,0.685810774564743,0.12489699758589268,0.0753568485379219,1.5019095758483094
5_39_2021-11-14_5_L.png,2,0,0.7835413664579391,0.2795429676771164,0.19705286622047424,1.8140002114803093
5_429_2021-03-18_3_R.png,1,0,0.7561241835355759,0.09552356600761414,0.03594755381345749,1.8293282454533206
5_429_2021-04-01_1_L.png,2,0,0.7043408453464508,0.38569213822484016,0.2604008913040161,1.826221043745123
5_429_2021-04-01_3_L.png,2,0,0.6694975197315216,0.30799373239278793,0.18381984531879425,1.8381171750347938
5_439_2022-05-17_1_L.png,2,0,0.8641064465045929,0.2096439264714718,0.1492718905210495,1.698020479303693
5_439_2022-05-17_2_R.png,1,0,0.7690859436988831,0.10431503690779209,0.08613105118274689,1.3563017705936036
5_439_2022-06-06_7_L.png,2,0,0.8302208632230759,0.2608777070418,0.15047474205493927,1.9062380656324613
5_442_2020-12-30_2_R.png,2,0,0.6429053246974945,0.09449006617069244,0.05205221474170685,1.6450918991865349
5_442_2020-12-30_3_R.png,2,0,0.7435136437416077,0.21121090278029442,0.10820061713457108,1.8145643063820998
5_442_2021-01-13_2_R.png,2,1,0.8223884403705597,0.2565724290907383,0.09221100062131882,1.981031043458222
5_467_2021-10-16_1_R.png,1,0,0.8372069597244263,0.0848274901509285,0.08310052007436752,1.6354965590573107
5_467_2021-10-16_2_L.png,2,0,0.7798081785440445,0.3670561797916889,0.26702332496643066,1.8336064627784627
5_467_2021-10-16_3_R.png,1,0,0.8282717913389206,0.03245363011956215,0.029841937124729156,1.5499780637279188
5_490_2022-03-31_1_R.png,2,1,0.6481639742851257,0.1382361389696598,0.08524109423160553,1.7619167270345262
5_490_2022-03-31_2_L.png,2,0,0.7437864542007446,0.413006404414773,0.14024989306926727,2.003158727000564
5_490_2022-03-31_3_L.png,2,0,0.6633366048336029,0.44216753356158733,0.20656298100948334,1.8774463468056737
5_496_2019-05-07_1_R.png,2,0,0.8787251487374306,0.12577555887401104,0.06516821682453156,1.547093708974914
5_496_2019-05-19_2_R.png,2,0,0.5024987757205963,0.10204515792429447,0.08816733211278915,1.434722928889503
5_496_2019-06-13_1_R.png,2,0,0.7308236360549927,0.044490421656519175,0.029950566589832306,0.9230482785446829
5_496_2019-11-04_1_R.png,2,0,0.8252029418945312,0.011313099646940827,0.0051792762242257595,1.223228531827897
5_512_2019-12-04_1_L.png,1,0,0.32902127504348755,0.09948449127841741,0.09379614889621735,1.0580504406699063
5_512_2020-10-27_2_L.png,1,0,0.7348105609416962,0.4593654181808233,0.41965654492378235,1.5533968757474452
5_512_2020-10-27_4_L.png,1,0,0.939355731010437,0.7470907308161259,0.5808084607124329,1.4235412715135187
5_567_2019-05-17_1_R.png,2,0,0.49713295698165894,0.06013747025281191,0.04449007660150528,1.3596348551584343
5_567_2019-05-17_2_L.png,2,1,0.41617077589035034,0.1737208659760654,0.1604379117488861,1.2424790635260512
5_567_2019-05-24_1_R.png,2,0,0.48280417919158936,0.07804156187921762,0.06357502937316895,1.3911392436637728
5_567_2019-06-14_2_R.png,2,0,0.27789902687072754,0.06514032185077667,0.054173193871974945,1.0125229508609759
5_573_2021-06-09_1_L.png,1,1,0.7250288426876068,0.14303258433938026,0.07580640912055969,1.783596349126059
5_573_2021-06-09_2_R.png,1,0,0.7339425086975098,0.04011569172143936,0.030026407912373543,1.3152785711293495
5_573_2021-06-09_3_R.png,1,0,0.5574318766593933,0.03685598261654377,0.01812152750790119,1.3105444650348006
5_588_2019-04-30_1_L.png,2,0,0.8140783309936523,0.0665968805551529,0.031008360907435417,1.788997806320363
5_588_2019-04-30_2_L.png,2,0,0.5459392070770264,0.09853784646838903,0.05503329262137413,1.5109651130577093
5_588_2019-04-30_3_L.png,2,0,0.8140783309936523,0.0665968805551529,0.031008360907435417,1.788997806320363
5_588_2019-04-30_4_L.png,2,0,0.5459392070770264,0.09853784646838903,0.05503329262137413,1.5109651130577093
5_597_2022-06-08_1_L.png,2,0,0.8845912143588066,0.16771807335317135,0.10070975124835968,1.7818329548578384
5_597_2022-06-08_2_R.png,1,0,0.8555221855640411,0.3167727133259177,0.24762961268424988,1.517848281482875
5_597_2022-06-13_1_R.png,2,0,0.4385221004486084,0.23491893336176872,0.07600744068622589,1.4928821133799866
5_59_2021-07-12_1_R.png,2,1,0.7914398312568665,0.09650867991149426,0.047104932367801666,1.4632844194394823
5_59_2021-07-12_2_L.png,2,1,0.6118170917034149,0.24726919829845428,0.15352308750152588,1.7452053161642354
5_59_2021-07-12_3_R.png,2,0,0.8183043450117111,0.0264761783182621,0.013337396085262299,1.2964366824733247
5_629_2020-11-25_1_R.png,2,1,0.8094548732042313,0.028777221217751503,0.011109484359622002,1.4179466494658834
5_629_2020-11-25_2_R.png,2,0,0.815535306930542,0.0822101254016161,0.06939002126455307,1.47465356154739
5_629_2020-12-01_1_R.png,2,1,0.9064697548747063,0.1965321358293295,0.08476180583238602,1.510797581906085
5_633_2021-10-13_1_R.png,1,0,0.4762812852859497,0.0636066161096096,0.04321558028459549,1.4641507696492428
5_633_2021-10-18_2_R.png,1,0,0.38395875692367554,0.1710202619433403,0.127532497048378,1.3507037529294348
5_633_2021-10-18_3_R.png,1,0,0.3983219265937805,0.04885551519691944,0.03857874125242233,1.24198480573309
5_642_2021-06-23_1_L.png,2,0,0.6846410632133484,0.19220209121704102,0.12316810339689255,1.6859667237765272
5_642_2021-06-23_2_L.png,2,0,0.8497103303670883,0.07733314111828804,0.04450323060154915,1.586795501151911
5_642_2021-07-02_2_L.png,2,0,0.6364258527755737,0.1620962182059884,0.10105185210704803,1.5200884028811121
5_659_2019-04-30_2_R.png,2,0,0.3156285285949707,0.03877247869968414,0.029068922623991966,1.012451077197422
5_659_2019-04-30_4_R.png,2,0,0.3156285285949707,0.03877247869968414,0.029068922623991966,1.012451077197422
5_659_2019-05-30_1_R.png,2,1,0.6864109039306641,0.3609810736961663,0.3478044867515564,1.2832027504165173
5_67_2020-07-30_1_R.png,2,0,0.6202576160430908,0.13551887590438128,0.06220322847366333,1.4767021185115465
5_67_2020-07-30_2_L.png,2,0,0.6089210510253906,0.11630276031792164,0.052253417670726776,1.6462975660444625
5_67_2020-10-14_1_L.png,2,0,0.5164554119110107,0.19823572039604187,0.10534708201885223,1.6173019855188284
5_701_2021-07-25_1_R.png,2,0,0.5305620729923248,0.13442118908278644,0.1194915696978569,1.433284511675339
5_701_2021-07-25_2_R.png,2,0,0.7548839449882507,0.05233309231698513,0.04089946672320366,1.2072222564065926
5_701_2021-07-25_3_L.png,2,0,0.6043913662433624,0.02377017494291067,0.010804843157529831,1.263759086363089
5_727_2022-04-28_1_L.png,2,1,0.7513017803430557,0.34211528301239014,0.15595802664756775,2.0545777524322943
5_727_2022-04-28_2_R.png,2,0,0.8181081116199493,0.10981782153248787,0.044486381113529205,1.7627836952530258
5_727_2022-05-06_1_R.png,2,0,0.6412701308727264,0.06411521881818771,0.032584890723228455,1.7091748876834663
5_732_2020-07-29_1_R.png,2,0,0.6775330603122711,0.18547869101166725,0.06504461169242859,1.7011695778866562
5_732_2020-07-29_2_L.png,2,0,0.6768167912960052,0.33552628429606557,0.2885798215866089,1.6291318785370168
5_732_2020-08-26_1_L.png,2,0,0.5424235463142395,0.13911374751478434,0.07594222575426102,1.430976838056613
5_74_2018-11-29_2_L.png,2,0,0.32924455404281616,0.04925541579723358,0.029406258836388588,1.2099166569687527
5_74_2018-11-29_3_L.png,2,0,0.3483009338378906,0.019114971160888672,0.0063755628652870655,0.9853087293509499
5_74_2018-12-04_1_L.png,2,0,0.2948037385940552,0.03267461061477661,0.019588802009820938,0.9908132466050315
5_84_2021-07-06_1_L.png,2,1,0.6617419421672821,0.021634757751598954,0.00913538783788681,1.4465048924878445
5_84_2021-07-06_3_R.png,2,0,0.580397754907608,0.08337254682555795,0.04095916077494621,1.1738071820600335
5_84_2021-09-19_1_L.png,2,1,0.47919636964797974,0.025819342583417892,0.013505521230399609,1.4015250622517423
5_84_2021-09-19_2_L.png,2,1,0.8382186442613602,0.03833429515361786,0.03271351382136345,1.0587981657575642
5_93_2019-08-14_1_R.png,2,1,0.75713911652565,0.08513138070702553,0.05867414176464081,1.5192324160628798
5_93_2019-09-09_1_L.png,2,1,0.6587246358394623,0.01995935756713152,0.008910564705729485,1.3992152511550602
5_93_2019-09-09_2_L.png,2,0,0.8867121785879135,0.038080493453890085,0.027411621063947678,0.8024522589840312
5_93_2019-09-09_3_R.png,2,1,0.4754154682159424,0.03305903007276356,0.020967548713088036,1.1941687360413726
