fraction,split,n,accuracy,macro_f1,severity_mae,underestimate_rate,underestimate_count,mean_entropy
0.35,train,876,0.6735159817351598,0.6733456865264533,0.3573059360730594,0.15182648401826485,133,0.735537842600256
0.35,val,364,0.49725274725274726,0.49962072225061926,0.5879120879120879,0.27197802197802196,99,0.7128640049980403
0.35,test,390,0.6384615384615384,0.6390773227307484,0.43333333333333335,0.17435897435897435,68,0.6981156115464547
0.45,train,876,0.702054794520548,0.703526775127386,0.3287671232876712,0.1461187214611872,128,0.7351617268469817
0.45,val,364,0.5412087912087912,0.5414062302071309,0.5357142857142857,0.21703296703296704,79,0.7275480277036251
0.45,test,390,0.6307692307692307,0.629069919215763,0.441025641025641,0.15897435897435896,62,0.7097020697373783
0.55,train,876,0.6974885844748858,0.6966732695946102,0.3264840182648402,0.13470319634703196,118,0.7483734419585245
0.55,val,364,0.5192307692307693,0.5186104996613132,0.5494505494505495,0.2032967032967033,74,0.7515386701671262
0.55,test,390,0.6230769230769231,0.6190483747423837,0.441025641025641,0.15128205128205127,59,0.7270069710679227
0.65,train,876,0.6872146118721462,0.6867886853167984,0.3401826484018265,0.1415525114155251,124,0.7569553595984553
0.65,val,364,0.49725274725274726,0.489638015463764,0.5879120879120879,0.2087912087912088,76,0.7481814510050783
0.65,test,390,0.6153846153846154,0.6090031992664547,0.4564102564102564,0.14615384615384616,57,0.7348061237616845
0.75,train,876,0.6872146118721462,0.6831696091431834,0.3436073059360731,0.1358447488584475,119,0.7707192683414742
0.75,val,364,0.49175824175824173,0.48567464589596215,0.6098901098901099,0.23626373626373626,86,0.7218547210671451
0.75,test,390,0.6102564102564103,0.5983878380429003,0.4666666666666667,0.13846153846153847,54,0.7501930765121662
0.9,train,876,0.6678082191780822,0.6601099856331398,0.3789954337899543,0.14726027397260275,129,0.8003086248784789
0.9,val,364,0.4697802197802198,0.4696589314957032,0.6373626373626373,0.25,91,0.7583285528338077
0.9,test,390,0.6051282051282051,0.59788840005121,0.45897435897435895,0.15128205128205127,59,0.7812358760601604
